Case Safe ID,Professional Aspirations,Professional Aspiration Interest,Postsecondary Institution Interest,Additional Postsec Institutions,Postsec Interest Note,OneGoal Cohort,Initial Selectivity,5th Semester GPA,6th Semester GPA,End of Y1 SAT Growth,Fellow Confidence,PD Confidence,,,,,
0030V00003jkkEvQAI,Computer Science,4,2,,They have my major,C1,Two-Year College,1.64,1.62,110,90%,25%,,,,,
0030V00003jkkcxQAA,"accounting, detective, finance,",3,1,,I gave this rating because UIC is a university that i would like to actually get into.,C1,,2.23,,,50%,100%,,,,,
0030V00003jkkm9QAA,"construction
architecture 
electrician",4,2,no,It is a well known school on architecture and also has a great soccer program,C1,Selective,3,2.93,10,0%,100%,,,,,
0030V00003jkkooQAA,"Veterinary
Teaching",3,2,Plan to get  job,Im interested in this field because its something that i actually want to do and gets my attention,C1,Four-Year Eligible,2.49,2.43,90,50%,100%,,,,,
0030V00003jkks7QAA,I'm more of the creative type so majors i want to follow would be art classes. I really want to be a tattoo artist.,3,3,get a job or and probably work at a tattoo shop to watch and learn how things should work.,"Some colleges i really want to go to. Others, i wouldn't mind going to because they do have my major bur its not my first choice.",C1,,1.85,1.88,,25%,100%,,,,,
0030V00003jkktPQAQ,"Civil Engineer, Business,",4,3,,1 of the 3 Really interest  me. Mostly their Civil Engineer program which was/is the best  one in the world.,C1,Somewhat Selective,2.22,2.33,170,90%,100%,,,,,
0030V00003jkpv6QAA,electrician,3,3,trade schools,some of these peak my interest i would like to try some of these,C1,Two-Year College,1.4,1.38,50,90%,25%,,,,,
0030V00003jkpwJQAQ,Nursing and Engineering,3,3,Community college,"I want to either get into Champaign, Eastern, or Illinois State.  Those are my top colleges in state, if they dont work out Im planning to go to Malcolm x college first.",C1,Four-Year Eligible,2,2.05,100,50%,100%,,,,,
0030V00003jkpz3QAA,Marketing,3,2,n/a,Its close to home,C1,Two-Year College,1.4,1.35,70,50%,0%,,,,,
0030V00003jkq3tQAA,"I am interested in majoring in the field of nursing and persuing to become a nurse, even a pediatrician or a psychology major",4,4,I am interested in workstudys,These schools are very rigorous and  offer my sought out major,C1,Somewhat Selective,3.2,3.19,160,75%,100%,,,,,
0030V00003jkq6TQAQ,"Computer science, Plumbing, Electrician.",2,1,I am strongly considering working after high school is over.,I gave it this rating because this is the one other option that I have.,C1,Somewhat Selective,2.42,2.57,130,25%,50%,,,,,
0030V00003k1ciHQAQ,"Dentistry, Financial,",3,3,Going to college and taking it seriously,Because i hope to do dentistry in the future.,C1,,1.38,1.37,,90%,100%,,,,,
0030V00003k1cjKQAQ,I want to become an electrician  or an electric engineer,3,3,I'm not sure yet,I am interested in these colleges because I believe that they are a best fit school,C1,Somewhat Selective,2,2.17,0,90%,100%,,,,,
0030V00003k1cjeQAA,"Plumber, Electrician",4,3,I don't know yet.,Because they are all offer trade school courses and that's what I'm interested in.,C1,Selective,2.65,2.55,-20,50%,75%,,,,,
0030V00003luCemQAE,carpentry,3,2,chill then go to trades,because i am half way interested,C1,,2.42,2.26,,25%,90%,,,,,
0030V00003jhVFdQAM,"Business, sales, real estate",4,2,no,yea,C2,Somewhat Selective,2.54,2.55,20,100%,0%,,,,,
0030V00003jkjpHQAQ,medical,4,2,working,because i feel like if i choose that then it will be a good choice,C2,Four-Year Eligible,2.17,2.17,-60,25%,90%,,,,,
0030V00003jkkDiQAI,real estate or national football league(NFL),3,4,university of Illinois or Alabama A & M,Because they best suite me,C2,Four-Year Eligible,1.83,1.83,-40,25%,25%,,,,,
0030V00003jkkc4QAA,"Electrician, Mechanic, or engineer",3,2,"I don't know if this counts but I want to be in some sort of volleyball program, or some productive program related","Because volleyball is something I've been interested in heavy, and its a skill I want to keep throughout my life",C2,Somewhat Selective,2.2,2.21,30,25%,100%,,,,,
0030V00003jkkkSQAQ,I want to major in Architecture and I plan to get a major in it,3,3,I am going to plan to get a job,Because I feel very interested in the topic because that's what I want to do in the future.,C2,Selective/Very Selective,3.08,3.14,160,0%,100%,,,,,
0030V00003jkklLQAQ,#NAME?,4,3,#NAME?,Because they have automotive careers at their school. There is many automotive programs. The schools are not far.,C2,Somewhat Selective,3.14,3.12,40,25%,100%,,,,,
0030V00003jkkmYQAQ,I want to be a professional artist,2,2,"Work with my father, or go to barber school",The reason is that those two schools are great art schools,C2,Four-Year Eligible,2.55,2.5,40,25%,50%,,,,,
0030V00003jkkmxQAA,therapy,2,2,,i would like to experience college some where i know and i'm familiar,C2,Two-Year College,1.43,1.55,-20,90%,100%,,,,,
0030V00003jkkotQAA,Dentistry,2,3,programs,"I think those 3 colleges that I chose match with my criteria, has my major, and also some friends recommended me .",C2,Somewhat Selective,3.82,3.81,220,75%,100%,,,,,
0030V00003jkkpmQAA,"business , or sports",3,2,being a daycare provider or being on a sports channel or owning an basketball team to deal with kids scholarships,because the other 2 colleges i want to go to they are good at basketball,C2,Four-Year Eligible,3,2.95,200,25%,100%,,,,,
0030V00003jkkr9QAA,Political science,2,3,Became a scientist or wrestler or singer.,Because i know i have to work hard,C2,Somewhat Selective,3.42,3.5,-60,0%,90%,,,,,
0030V00003jkktoQAA,nursing or sports,2,2,sports or nursing,sport very interested and also nursing,C2,,2.11,2.21,120,50%,75%,,,,,
0030V00003jkq4XQAQ,Cosmetology or art education,4,2,Going to a cosmetology school that takes financial aid.,Because I've heard and read good things about both of these schools.,C2,Selective,2.94,2.98,40,90%,100%,,,,,
0030V00003k1chOQAQ,Playing basketball or being a game designer,2,4,working for the city of Chicago - Streets of Sanitation,They all standout to me and these colleges grabs my attention.,C2,Somewhat Selective,2.62,2.48,20,90%,75%,,,,,
0030V00003k1chYQAQ,"I would love to be a zoologist,or a veterinarian.",3,4,I'm just trying to explore college first,I gave it that because many of the colleges I picked have what I want,C2,Selective/Very Selective,3.2,3.14,70,75%,100%,,,,,
0030V00003k1cjAQAQ,"Video editing
veterinarian",3,2,Not really going to school is more the move if anything because finding a jobs is going to be difficult after highschool,Because there is really only schools that interest me at the moment,C2,Somewhat Selective,2.45,2.45,20,50%,100%,,,,,
0030V00003k1ckDQAQ,"Accountant, Engineer",2,2,I might do credential programs or trade-school,"Because I am not sure if i actually want to pursue a career in what I picked, those just seemed interesting to try",C2,Selective/Very Selective,3.85,3.86,70,100%,100%,,,,,
0030V00003k1cluQAA,Professional Pianist,4,3,Computer Programming,Because they seem to be good school that I am wiling to challenge myself in.,C2,Four-Year Eligible,2.97,3.02,60,25%,100%,,,,,
0030V00003nSIYDQA4,"Medical field, criminal justice field, Military",2,3,I would consider enlisting in the military.,I  gave this rating because its better to have more then one option to be on the safe side.,C2,,,2.58,,50%,90%,,,,,
0030V00003jhVEQQA2,"Engineering (Electrical), music production",3,3,"Companies like UPS and ComEd provide programs to get degrees, and I know UPS offers $5000 a year to employees to get degrees. I am currently employed by UPS and plan to take advantage of that $5000 after graduation.",I'm interested in all 3 because 2 are my best options for engineering since I don't really want to leave home or go to a big university. The last option of SAE was because I'm a music artist sponsored by Adidas and pursuing music would be satisfying.,C3,Selective,2.51,2.26,0,75%,90%,,,,,
0030V00003jhVF4QAM,"business and management
Human Resources Management
Sports administration and policies",4,4,,I gave these ratings because them are the best schools for my major.,C3,Four-Year Eligible,2.65,2.57,-80,0%,100%,,,,,
0030V00003jhVFxQAM,I am interested in something that is involved in the gaming world,2,2,I'm not really sure at the moment,I am interested in 2 colleges because they both have very good gaming programs and I believe they both have E-sports as well.,C3,Four-Year Eligible,2.02,2.05,-10,50%,75%,,,,,
0030V00003jhVHoQAM,I would like to have a career in nursing or dental hygienist,4,2,,I know 2 of the 3 colleges have the programming i need to get where i want to be for the career i want. I would like to continue searching up for another colleges to see the programs they offer.,C3,Somewhat Selective,2.08,2.02,30,50%,90%,,,,,
0030V00003jhVL7QAM,My professional aspirations is music because I always loved music growing up. I think ill also want to be a  teacher of little kids because I like kids and I think I can handle them.,2,2,No,I picked those colleges because its close to were I live and they are big colleges.,C3,Somewhat Selective,3.02,2.9,40,90%,100%,,,,,
0030V00003jhVN3QAM,"sonography, therapist",4,0,no,i really only want to go to one school mainy because my sister goes there too.,C3,Four-Year Eligible,2.02,1.9,20,50%,100%,,,,,
0030V00003jhVNNQA2,"Barber, Engineering, Economics, Arts & Music.",4,3,Barber School or Trade School,I'm interested in going somewhere I can grow in my education but also stay near home.,C3,Somewhat Selective,2.2,2.21,-30,90%,75%,,,,,
0030V00003jhVNSQA2,"business management
accounting 
real estate",4,2,community college or trade school,I believe that i can get accepted into those colleges.,C3,Selective/Very Selective,3.48,3.43,-20,25%,100%,,,,,
0030V00003jhVOVQA2,#NAME?,3,4,I'm just interested in going straight into college.,I gave this rating about my interest in the University options I identified above because these are the schools I feel most strongly about attending.,C3,Somewhat Selective,2.71,2.93,90,50%,100%,,,,,
0030V00003jhVP4QAM,"interior designing, fashion, business",4,3,no i am planning on going to college in illinois,i am very interested in all of the colleges that i choose because they all might not have the same majors that im interested in but they all meet my requirements.,C3,Somewhat Selective,3.14,3.02,50,100%,100%,,,,,
0030V00003jhVQlQAM,nursing,3,2,After I graduate from college I plan on attending to either one of these two schools.,I gave this rating because as of right now those are the top two schools I am looking forward into attending.,C3,Two-Year College,1.38,1.59,-60,25%,100%,,,,,
0030V00003jhVRZQA2,"Film Editor, Video Game Designer or learning languages",1,4,,I'm interested in the colleges because it has major that i'm interested in.,C3,Somewhat Selective,2.8,2.71,-70,100%,90%,,,,,
0030V00003jhVUTQA2,nursing,2,4,no,cause why not,C3,Selective,3.42,3.48,-30,75%,100%,,,,,
0030V00003k1clVQAQ,"Photography in Fashion, Lawyer",4,4,No,The main school i wanna go to is Columbia for photography. But i need to have safety net schools and from what i listed in interested in other than Columbia,C3,Somewhat Selective,2.14,1.98,130,0%,100%,,,,,
