Case Safe ID,Professional Aspirations,Professional Aspiration Interest,Postsecondary Institution Interest,Additional Postsec Institutions,Postsec Interest Note,OneGoal Cohort,Initial Selectivity,5th Semester GPA,6th Semester GPA,End of Y1 SAT Growth,Fellow Confidence,PD Confidence,,,,,
0030V00003fDveNQAS,I'm Interested in engineering or technology,3,1,I would consider doing military pathways,I'm only interested in the only on because I want to become an engineer and be part of the army.,S1,Four-Year Eligible,,1.83,70,90%,90%,,,,,
0030V00003fELvqQAG,"I'm interested in cosmetology, a career in mathematics or in art, or in music.",2,2,"I would like to get a job and take a year break then possibly go to college, if not go to cosmetology school.","Right now I have no idea what I want to do, I would like to go to college but not right after I graduate. I have other plans that I could do with my year after graduation.",S1,Selective/Very Selective,3.74,3.55,70,75%,90%,,,,,
0030V00003fERoeQAG,business management,3,4,credential programs,those are the colleges that i'm really interested in,S1,Selective/Very Selective,3.89,3.9,50,75%,100%,,,,,
0030V00003fEdUbQAK,"Architecture, Design",3,4,Study Abroad,I am interested in more than 4 options that I have listed under colleges and things to do after high school.,S1,Selective/Very Selective,3.57,3.52,30,90%,100%,,,,,
0030V00003fFVqIQAW,"I am interested in pursuing a career in the medical field and a career related to math, not sure which one yet but i'm looking.",3,3,,I've seen information about these colleges I didn't know before and I am thinking about them. I still have information to research.,S1,Selective/Very Selective,3.3,3.18,90,75%,100%,,,,,
0030V00003fHY9HQAW,Business and Finance,2,3,No not really,"There proximity to where I reside, the variety of programs and majors they offer as well",S1,Very Selective,3.66,3.64,30,75%,100%,,,,,
0030V00003fHYAeQAO,"Engineering, Architect, Electromechanical engineering",4,0,no,Because I really like engineering and I'm good at math,S1,Selective/Very Selective,2.66,2.64,-20,50%,50%,,,,,
0030V00003fHYBXQA4,I want to major in art or work in an animation field,3,3,I'm unsure at the moment,most of these colleges are pretty nice and I really am interested in going to 3 of these.,S1,Selective/Very Selective,3.63,3.67,140,75%,100%,,,,,
0030V00003fHYDEQA4,"FBI, A type of Engineer, Physician, Entrepreneur",3,4,N/A,I gave this rating because the match and over-match schools include majors that i am in interested in and the fact that they rated as good schools. I am also able to afford these schools and i like what else it was to offer.,S1,Selective/Very Selective,3.31,3.31,50,90%,100%,,,,,
0030V00003fHYEqQAO,DEA,3,2,north park,"i want to go to north park to make money, lot of money and take care of my family. Don't have to work as heard as they do now.",S1,Four-Year Eligible,2.14,2.37,70,25%,50%,,,,,
0030V00003fHYF5QAO,"Game Design, Computer Engineering, Animation, Technology Field",3,2,no,the colleges that I am interested in contain the fields of study that I am interested in,S1,Four-Year Eligible,2.24,2.25,220,90%,90%,,,,,
0030V00003gz7rEQAQ,"nursing, video editor, petrolium engineer.",3,2,electrical engineer or plumbing,"So i can just be like my FATHER 
(Father like son)",S1,Somewhat Selective,2.41,2.41,-10,90%,75%,,,,,
0030V00003h1GbkQAE,Law/Business,3,2,Maybe going to Wright College.,I still have to figure out what I want to pure sue in career wise.,S1,Four-Year Eligible,2.6,2.52,20,25%,90%,,,,,
0030V00003h1RfsQAE,"Professional Aspirations that I'm interested in would be something in STEM (Science, Technology, Engineering, and Mathematics), and something in fine arts and music. But nothing related to drawing or sculpting.",3,0,Nothing in particular right now.,This is because there is nothing that I'm currently interested in doing right now.,S1,Selective/Very Selective,2.94,2.71,10,50%,25%,,,,,
0030V00003h24WZQAY,"Music, especially anything vocal, and helping take care of people",4,4,"No, none that I can think of right now.",I gave this rating because in my opinion I have found 4 or more colleges that I am strongly interested in.,S1,Selective/Very Selective,3.36,3.42,-70,50%,0%,,,,,
0030V00003ji3UPQAY,"Creative Writing,  Journalism",3,3,Work a little until I have money to pay for my tuition,"Cause I am interested in those three colleges, I guess",S1,Very Selective,3.4,3.12,20,100%,0%,,,,,
0030V00003jiOGmQAM,Not having a job. I also wouldn't mind owning an SMMA.,4,3,Gap year,"Because I don't know what will happen with my internship, my own business, and college applications, most importantly how much I am going to pay out of pocket.",S1,Selective/Very Selective,3.17,3.19,20,25%,50%,,,,,
0030V00003jiOV8QAM,"Architecture, Designer",4,4,I will apply to my colleges which are on my list right after I graduate high school.,Because I think its what I like to do for my entire life.,S1,,3.91,3.92,,50%,100%,,,,,
0030V00003jiPF9QAM,"I am still undecided, but I'm interested in criminal law or becoming a doctor or plastic surgeon.",2,1,All I plan on doing is going to college.,I'm only interested in going to college and getting my degree.,S1,Selective/Very Selective,,3.98,90,0%,100%,,,,,
0030V00003fDveXQAS,Engineering. More Specifically Mechanical Engineering,3,3,Working maybe,Because I've visited a couple of the colleges or Universities I listed and I know I do see myself in one of them.,S2,Somewhat Selective,2.43,2.6,180,0%,100%,,,,,
0030V00003fEDP8QAO,I am interested in Chemistry mainly.,3,4,I am going to a community college for my first two years to get my general education out the way then transfer to a University for my last two years.,I heard good things about these schools plus the locations of most of these colleges are convenient.,S2,Selective/Very Selective,3.2,3.14,80,75%,90%,,,,,
0030V00003fHY7aQAG,"Business and Management
Marketing Managers
Personal Financial Advisory",3,3,University of Illinois Urbana Champaign,I just want them to be financially affordable to my family and me and close to home.,S2,Selective/Very Selective,3.43,3.4,20,0%,100%,,,,,
0030V00003fHY9CQAW,Buisness,4,4,Scholerships,So I can have more options then one if one doesn't work out ill go to the other one that well help me second plans don[t hurt.,S2,Four-Year Eligible,2.63,2.6,120,50%,75%,,,,,
0030V00003fHYBcQAO,psychology or therapist,3,4,N/A,N/A,S2,Four-Year Eligible,2.36,2.45,20,90%,75%,,,,,
0030V00003fHYBwQAO,"Medical Field, Engineering, Architect",3,4,No,I've been interested in these the most I've heard good feedback on each of these colleges,S2,Four-Year Eligible,1.49,1.59,-100,100%,90%,,,,,
0030V00003fHYDJQA4,"Game design, engineering, Animation.",3,2,,The collage have what i'm interested and have some other that I might like,S2,Four-Year Eligible,2.31,2.31,60,0%,50%,,,,,
0030V00003fHgJAQA0,Law Enforcement/Firefighting,4,4,Joining the Military,To me these colleges mean a lot because of what i leaned about them a lot of great opportunity's i see within these collages,S2,Four-Year Eligible,1.97,1.9,50,90%,50%,,,,,
0030V00003gzm78QAA,Business,4,1,No,Because i always dreamed of owning my own business being my own boss.,S2,Two-Year College,1.6,1.61,0,25%,50%,,,,,
0030V00003h17anQAA,i want to major in music. criminal justice,4,2,no,The school that I mention has a great program i'm interested in.,S2,Selective/Very Selective,3.7,3.57,20,90%,75%,,,,,
0030V00003h1GbuQAE,"Nursing, Accounting or Engineering.",2,0,No.,N/A,S2,Somewhat Selective,2.57,2.57,50,25%,100%,,,,,
0030V00003h24VHQAY,"Criminal Justice, medical field (nursing or forensic science)",3,4,No,"I originally want to go to north western but if that doesnt work I have a couple back ups like Illinois state, dominican university, Depaul,or even university of illinois at urbana- champaign  because they all offer my major and are good schools and offer opportunities for me and I think these schools will give me a good education",S2,Selective/Very Selective,3.51,3.4,-40,90%,100%,,,,,
0030V00003h28L6QAI,"The professional aspiration i'am interested in pursuing is Civil Engineering,Psychology & Business.",4,4,No there is nothing i want to do after high school.,I'am not interested.,S2,Selective,,3.4,0,90%,100%,,,,,
