Case Safe ID,Status,College/University: OneGoal ID,College/University: Organization Name,FormAssembly Name,OneGoal Cohort
0030V00003fDveNQAS,Application Submitted,11276,Concordia University (IL),My Options List,S1
0030V00003fDveNQAS,Application Submitted,10774,DePaul University,My Options List,S1
0030V00003fDveNQAS,Best-Fit College,11806,DeVry University-Illinois,My Options List,S1
0030V00003fDveNQAS,Best-Fit College,11816,DeVry University-Texas,My Options List,S1
0030V00003fDveNQAS,Best-Fit College,10848,Illinois Institute of Technology,Prefill College Application Status Form,S1
0030V00003fDveNQAS,Best-Fit College,14138,International Academy of Design and Technology-San Antonio,My Options List,S1
0030V00003fDveNQAS,Best-Fit College,11921,ITT Technical Institute-Springfield,My Options List,S1
0030V00003fDveNQAS,Best-Fit College,11965,Loyola University Chicago,My Options List,S1
0030V00003fDveNQAS,Best-Fit College,14235,Southwest Institute of Technology,My Options List,S1
0030V00003fDveNQAS,Declined,10382,University of Illinois at Chicago,My Options List,S1
0030V00003fDveNQAS,Declined,10752,University of Illinois at Springfield,Prefill College Application Status Form,S1
0030V00003fDveNQAS,Application Submitted,10609,Valparaiso University,My Options List,S1
0030V00003fDveNQAS,Application Submitted,10723,National Louis University,Prefill College Application Status Form,S1
0030V00003fDveNQAS,Best-Fit College,10365,Indiana Institute of Technology,Prefill College Application Status Form,S1
0030V00003fDveNQAS,Accepted,12827,City Colleges of Chicago Wilbur Wright College,Prefill College Application Status Form,S1
0030V00003fDveNQAS,Declined,10000,Northeastern Illinois University,Prefill College Application Status Form,S1
0030V00003fDveNQAS,Application Submitted,10173,Chicago State University,Prefill College Application Status Form,S1
0030V00003fDveNQAS,Application Submitted,12079,Robert Morris University Illinois,Prefill College Application Status Form,S1
0030V00003fEDUhQAO,Application Submitted,12827,City Colleges of Chicago Wilbur Wright College,,S1
0030V00003fEDUhQAO,Application Submitted,10000,Northeastern Illinois University,,S1
0030V00003fEDUhQAO,Application Submitted,10382,University of Illinois at Chicago,,S1
0030V00003fEDUhQAO,Application Submitted,10774,DePaul University,,S1
0030V00003fEDUhQAO,Application Submitted,11965,Loyola University Chicago,,S1
0030V00003fEDUhQAO,Application Submitted,10987,Illinois College,,S1
0030V00003fEDUhQAO,Application Submitted,10384,Northwestern University,,S1
0030V00003fEDUhQAO,Application Submitted,11341,University of Chicago,,S1
0030V00003fEDUhQAO,Application Submitted,10501,Columbia College Chicago,,S1
0030V00003fELd8QAG,Best-Fit College,10956,Bradley University,My Options List,S1
0030V00003fELd8QAG,Best-Fit College,10774,DePaul University,My Options List,S1
0030V00003fELd8QAG,Best-Fit College,10987,Illinois College,My Options List,S1
0030V00003fELd8QAG,Best-Fit College,12809,Illinois Eastern Community Colleges Frontier Community College,My Options List,S1
0030V00003fELd8QAG,Best-Fit College,12840,Illinois Eastern Community Colleges Lincoln Trail College,My Options List,S1
0030V00003fELd8QAG,Best-Fit College,12795,Illinois Eastern Community Colleges Olney Central College,My Options List,S1
0030V00003fELd8QAG,Best-Fit College,12815,Morton College,My Options List,S1
0030V00003fELd8QAG,Best-Fit College,12812,Kaskaskia College,My Options List,S1
0030V00003fELd8QAG,Best-Fit College,11217,Roosevelt University,My Options List,S1
0030V00003fELd8QAG,Best-Fit College,11423,Lake Forest College,My Options List,S1
0030V00003fELd8QAG,Best-Fit College,12802,Morrison Institute of Technology,My Options List,S1
0030V00003fELd8QAG,Best-Fit College,12851,Rend Lake College,My Options List,S1
0030V00003fELd8QAG,Best-Fit College,10382,University of Illinois at Chicago,My Options List,S1
0030V00003fELvqQAG,Application Submitted,11759,California State University-Los Angeles,My Options List,S1
0030V00003fELvqQAG,Best-Fit College,10135,Dominican University of California,My Options List,S1
0030V00003fELvqQAG,Best-Fit College,10000,Northeastern Illinois University,My Options List,S1
0030V00003fELvqQAG,Application Submitted,10382,University of Illinois at Chicago,My Options List,S1
0030V00003fELvqQAG,Accepted,10774,DePaul University,My Options List,S1
0030V00003fELvqQAG,Best-Fit College,12591,Long Beach City College,My Options List,S1
0030V00003fELvqQAG,Application Submitted,11965,Loyola University Chicago,My Options List,S1
0030V00003fELvqQAG,Best-Fit College,12159,University of California-Berkeley,Prefill College Application Status Form,S1
0030V00003fELvqQAG,Application Submitted,12287,University of Wisconsin-Madison,Prefill College Application Status Form,S1
0030V00003fELvqQAG,Application Submitted,12816,Northwestern College (Ill.),Prefill College Application Status Form,S1
0030V00003fELvqQAG,Application Submitted,11341,University of Chicago,Prefill College Application Status Form,S1
0030V00003fELvqQAG,Application Submitted,11512,Pomona College,Prefill College Application Status Form,S1
0030V00003fERoeQAG,Declined,11965,Loyola University Chicago,My Options List,S1
0030V00003fERoeQAG,Application Submitted,10774,DePaul University,My Options List,S1
0030V00003fERoeQAG,Accepted,11399,Beloit College,My Options List,S1
0030V00003fERoeQAG,Accepted,10669,Drake University,My Options List,S1
0030V00003fERoeQAG,Accepted,10487,Illinois Wesleyan University,My Options List,S1
0030V00003fERoeQAG,Accepted,11451,Lewis University,My Options List,S1
0030V00003fERoeQAG,Best-Fit College,10384,Northwestern University,My Options List,S1
0030V00003fERoeQAG,Best-Fit College,10901,Wheaton College (IL),My Options List,S1
0030V00003fERoeQAG,Best-Fit College,11525,Yale University,My Options List,S1
0030V00003fERoeQAG,Accepted,10905,Rockford College,Prefill College Application Status Form,S1
0030V00003fERoeQAG,Application Submitted,10956,Bradley University,Prefill College Application Status Form,S1
0030V00003fERoeQAG,Accepted,11304,DePauw University,Prefill College Application Status Form,S1
0030V00003fERoeQAG,Accepted,10799,Northern Illinois University,Prefill College Application Status Form,S1
0030V00003fERoeQAG,Accepted,10863,Illinois State University,Prefill College Application Status Form,S1
0030V00003fERoeQAG,Application Submitted,10471,Southern Illinois University Carbondale,Prefill College Application Status Form,S1
0030V00003fERoeQAG,Accepted,10752,University of Illinois at Springfield,Prefill College Application Status Form,S1
0030V00003fERoeQAG,Accepted,10000,Northeastern Illinois University,Prefill College Application Status Form,S1
0030V00003fERoeQAG,Application Submitted,10017,Benedictine University,Prefill College Application Status Form,S1
0030V00003fEdUbQAK,Application Submitted,10656,Syracuse University,My Options List,S1
0030V00003fEdUbQAK,Best-Fit College,10773,Columbia University in the City of New York,My Options List,S1
0030V00003fEdUbQAK,Best-Fit College,10626,Cornell University,My Options List,S1
0030V00003fEdUbQAK,Best-Fit College,10848,Illinois Institute of Technology,My Options List,S1
0030V00003fEdUbQAK,Best-Fit College,11150,Northeastern University,My Options List,S1
0030V00003fEdUbQAK,Application Submitted,10527,University of Illinois at Urbana-Champaign,My Options List,S1
0030V00003fEdUbQAK,Best-Fit College,10556,Washington State University,My Options List,S1
0030V00003fEdUbQAK,Accepted,12065,Purdue University-Main Campus,My Options List,S1
0030V00003fEdUbQAK,Accepted,10382,University of Illinois at Chicago,My Options List,S1
0030V00003fEdUbQAK,Application Submitted,11325,University of Notre Dame,My Options List,S1
0030V00003fEdUbQAK,Application Submitted,12287,University of Wisconsin-Madison,My Options List,S1
0030V00003fEdUbQAK,Accepted,10501,Columbia College Chicago,,S1
0030V00003fEdUbQAK,Accepted,10826,Butler University,,S1
0030V00003fEdUbQAK,Application Submitted,11104,Colby College,,S1
0030V00003fEdUbQAK,Accepted,10956,Bradley University,,S1
0030V00003fEdUbQAK,Accepted,10519,Columbia College Hollywood,Prefill College Application Status Form,S1
0030V00003fFVqIQAW,Accepted,10382,University of Illinois at Chicago,My Options List,S1
0030V00003fFVqIQAW,Accepted,10863,Illinois State University,My Options List,S1
0030V00003fFVqIQAW,Best-Fit College,11503,Knox College,My Options List,S1
0030V00003fFVqIQAW,Application Submitted,11965,Loyola University Chicago,My Options List,S1
0030V00003fFVqIQAW,Application Submitted,10384,Northwestern University,My Options List,S1
0030V00003fFVqIQAW,Accepted,11341,University of Chicago,My Options List,S1
0030V00003fFVqIQAW,Application Submitted,10527,University of Illinois at Urbana-Champaign,My Options List,S1
0030V00003fFVqIQAW,Accepted,12827,City Colleges of Chicago Wilbur Wright College,My Options List,S1
0030V00003fFVqIQAW,Application Submitted,10774,DePaul University,Prefill College Application Status Form,S1
0030V00003fFVqIQAW,Best-Fit College,10848,Illinois Institute of Technology,My Options List,S1
0030V00003fFVqIQAW,Best-Fit College,11451,Lewis University,My Options List,S1
0030V00003fFVqIQAW,Best-Fit College,10564,North Park University,My Options List,S1
0030V00003fFVqIQAW,Best-Fit College,10000,Northeastern Illinois University,My Options List,S1
0030V00003fFVqIQAW,Application Submitted,10752,University of Illinois at Springfield,My Options List,S1
0030V00003fFVqIQAW,Application Submitted,13048,Oakland Community College,Prefill College Application Status Form,S1
0030V00003fFVqIQAW,Accepted,10436,Western Illinois University,Prefill College Application Status Form,S1
0030V00003fHY9HQAW,Best-Fit College,10058,Arizona State University,My Options List,S1
0030V00003fHY9HQAW,Best-Fit College,11762,California State University-Sacramento,My Options List,S1
0030V00003fHY9HQAW,Best-Fit College,11282,Clemson University,My Options List,S1
0030V00003fHY9HQAW,Accepted,10774,DePaul University,My Options List,S1
0030V00003fHY9HQAW,Best-Fit College,10584,Fresno Pacific University,My Options List,S1
0030V00003fHY9HQAW,Best-Fit College,10863,Illinois State University,My Options List,S1
0030V00003fHY9HQAW,Accepted,11965,Loyola University Chicago,Prefill College Application Status Form,S1
0030V00003fHY9HQAW,Best-Fit College,13976,Oregon State University,My Options List,S1
0030V00003fHY9HQAW,Best-Fit College,12160,University of California-Davis,My Options List,S1
0030V00003fHY9HQAW,Best-Fit College,10751,University of Florida,My Options List,S1
0030V00003fHY9HQAW,Best-Fit College,10992,University of San Francisco,My Options List,S1
0030V00003fHY9HQAW,Best-Fit College,12145,University of Texas at Austin,My Options List,S1
0030V00003fHY9HQAW,Accepted,10382,University of Illinois at Chicago,Prefill College Application Status Form,S1
0030V00003fHY9HQAW,Accepted,10501,Columbia College Chicago,Prefill College Application Status Form,S1
0030V00003fHY9HQAW,Accepted,10723,National Louis University,Prefill College Application Status Form,S1
0030V00003fHY9HQAW,Accepted,10956,Bradley University,Prefill College Application Status Form,S1
0030V00003fHY9HQAW,Accepted,11083,University of Iowa,Prefill College Application Status Form,S1
0030V00003fHY9HQAW,Application Submitted,12185,University of Minnesota-Twin Cities,Prefill College Application Status Form,S1
0030V00003fHY9HQAW,Application Submitted,10527,University of Illinois at Urbana-Champaign,Prefill College Application Status Form,S1
0030V00003fHYAeQAO,Application Submitted,11276,Concordia University (IL),My Options List,S1
0030V00003fHYAeQAO,Best-Fit College,10766,Concordia University - Irvine,My Options List,S1
0030V00003fHYAeQAO,Application Submitted,10774,DePaul University,My Options List,S1
0030V00003fHYAeQAO,Best-Fit College,10987,Illinois College,My Options List,S1
0030V00003fHYAeQAO,Best-Fit College,12795,Illinois Eastern Community Colleges Olney Central College,My Options List,S1
0030V00003fHYAeQAO,Best-Fit College,10848,Illinois Institute of Technology,My Options List,S1
0030V00003fHYAeQAO,Best-Fit College,10863,Illinois State University,My Options List,S1
0030V00003fHYAeQAO,Best-Fit College,11335,Northern Michigan University,My Options List,S1
0030V00003fHYAeQAO,Best-Fit College,11965,Loyola University Chicago,My Options List,S1
0030V00003fHYAeQAO,Best-Fit College,12802,Morrison Institute of Technology,My Options List,S1
0030V00003fHYAeQAO,Application Submitted,10384,Northwestern University,My Options List,S1
0030V00003fHYAeQAO,Application Submitted,11341,University of Chicago,My Options List,S1
0030V00003fHYAeQAO,Application Submitted,10382,University of Illinois at Chicago,My Options List,S1
0030V00003fHYAeQAO,Accepted,10501,Columbia College Chicago,Prefill College Application Status Form,S1
0030V00003fHYAeQAO,Application Submitted,10173,Chicago State University,Prefill College Application Status Form,S1
0030V00003fHYBXQA4,Application Submitted,10814,Dominican University,My Options List,S1
0030V00003fHYBXQA4,Accepted,10382,University of Illinois at Chicago,My Options List,S1
0030V00003fHYBXQA4,Application Submitted,10487,Illinois Wesleyan University,My Options List,S1
0030V00003fHYBXQA4,Best-Fit College,11965,Loyola University Chicago,My Options List,S1
0030V00003fHYBXQA4,Best-Fit College,10527,University of Illinois at Urbana-Champaign,My Options List,S1
0030V00003fHYBXQA4,Best-Fit College,10901,Wheaton College (IL),My Options List,S1
0030V00003fHYBXQA4,Application Submitted,10384,Northwestern University,Prefill College Application Status Form,S1
0030V00003fHYBXQA4,Application Submitted,10774,DePaul University,Prefill College Application Status Form,S1
0030V00003fHYBXQA4,Application Submitted,10501,Columbia College Chicago,Prefill College Application Status Form,S1
0030V00003fHYBXQA4,Application Submitted,11276,Concordia University (IL),Prefill College Application Status Form,S1
0030V00003fHYBXQA4,Application Submitted,10320,Saint Xavier University,Prefill College Application Status Form,S1
0030V00003fHYDEQA4,Best-Fit College,10173,Chicago State University,My Options List,S1
0030V00003fHYDEQA4,Application Submitted,10774,DePaul University,My Options List,S1
0030V00003fHYDEQA4,Application Submitted,10848,Illinois Institute of Technology,My Options List,S1
0030V00003fHYDEQA4,Application in Progress,11965,Loyola University Chicago,My Options List,S1
0030V00003fHYDEQA4,Best-Fit College,10564,North Park University,My Options List,S1
0030V00003fHYDEQA4,Best-Fit College,11217,Roosevelt University,My Options List,S1
0030V00003fHYDEQA4,Best-Fit College,10320,Saint Xavier University,My Options List,S1
0030V00003fHYDEQA4,Best-Fit College,11341,University of Chicago,My Options List,S1
0030V00003fHYDEQA4,Application Submitted,10382,University of Illinois at Chicago,Prefill College Application Status Form,S1
0030V00003fHYDEQA4,Application in Progress,10906,University of Southern California,Prefill College Application Status Form,S1
0030V00003fHYDEQA4,Application in Progress,11076,California Institute of the Arts,Prefill College Application Status Form,S1
0030V00003fHYDEQA4,Application Submitted,10384,Northwestern University,Prefill College Application Status Form,S1
0030V00003fHYDEQA4,Accepted,10017,Benedictine University,Prefill College Application Status Form,S1
0030V00003fHYDEQA4,Application Submitted,11396,Augustana College (IL),Prefill College Application Status Form,S1
0030V00003fHYDEQA4,Accepted,10487,Illinois Wesleyan University,Prefill College Application Status Form,S1
0030V00003fHYDEQA4,Accepted,10956,Bradley University,Prefill College Application Status Form,S1
0030V00003fHYEqQAO,Best-Fit College,12849,MacCormac College,My Options List,S1
0030V00003fHYEqQAO,Best-Fit College,12791,City Colleges of Chicago Harry S Truman College,My Options List,S1
0030V00003fHYEqQAO,Best-Fit College,10948,East-West University,My Options List,S1
0030V00003fHYEqQAO,Best-Fit College,10723,National Louis University,My Options List,S1
0030V00003fHYEqQAO,Application Submitted,10564,North Park University,My Options List,S1
0030V00003fHYEqQAO,Application Submitted,10000,Northeastern Illinois University,My Options List,S1
0030V00003fHYEqQAO,Application Submitted,12079,Robert Morris University Illinois,My Options List,S1
0030V00003fHYEqQAO,Best-Fit College,10063,Saint Augustine College,My Options List,S1
0030V00003fHYEqQAO,Application Submitted,10320,Saint Xavier University,My Options List,S1
0030V00003fHYEqQAO,Application Submitted,10774,DePaul University,Prefill College Application Status Form,S1
0030V00003fHYEqQAO,Application Submitted,12824,City Colleges of Chicago Malcolm X College,Prefill College Application Status Form,S1
0030V00003fHYEqQAO,Application Submitted,10382,University of Illinois at Chicago,Prefill College Application Status Form,S1
0030V00003fHYEqQAO,Application in Progress,12819,Triton College,Prefill College Application Status Form,S1
0030V00003fHYEqQAO,Best-Fit College,11276,Concordia University (IL),Prefill College Application Status Form,S1
0030V00003fHYEqQAO,Best-Fit College,11285,Elmhurst College,Prefill College Application Status Form,S1
0030V00003fHYF5QAO,Best-Fit College,10173,Chicago State University,My Options List,S1
0030V00003fHYF5QAO,Accepted,12827,City Colleges of Chicago Wilbur Wright College,My Options List,S1
0030V00003fHYF5QAO,Best-Fit College,10029,City University of Seattle,My Options List,S1
0030V00003fHYF5QAO,Best-Fit College,12805,Springfield College in Illinois,My Options List,S1
0030V00003fHYF5QAO,Accepted,10501,Columbia College Chicago,Prefill College Application Status Form,S1
0030V00003fHYF5QAO,Best-Fit College,10861,Eastern Illinois University,My Options List,S1
0030V00003fHYF5QAO,Best-Fit College,10863,Illinois State University,My Options List,S1
0030V00003fHYF5QAO,Best-Fit College,10564,North Park University,My Options List,S1
0030V00003fHYF5QAO,Application Submitted,10329,Spring Arbor University,My Options List,S1
0030V00003fHYF5QAO,Best-Fit College,10382,University of Illinois at Chicago,My Options List,S1
0030V00003fHYF5QAO,Accepted,10000,Northeastern Illinois University,Prefill College Application Status Form,S1
0030V00003fHYF5QAO,Application Submitted,10550,Rochester Institute of Technology,Prefill College Application Status Form,S1
0030V00003fHYF5QAO,Application Submitted,11225,Westminster College (UT),Prefill College Application Status Form,S1
0030V00003fHYF5QAO,Application Submitted,10960,New York Institute of Technology-Manhattan Campus,Prefill College Application Status Form,S1
0030V00003fHYF5QAO,Application Submitted,11114,Stevens Institute of Technology,Prefill College Application Status Form,S1
0030V00003fHYF5QAO,Application Submitted,10848,Illinois Institute of Technology,Prefill College Application Status Form,S1
0030V00003fHYF5QAO,Accepted,11269,Neumont University,Prefill College Application Status Form,S1
0030V00003fHgHTQA0,Declined,10956,Bradley University,My Options List,S1
0030V00003fHgHTQA0,Application Submitted,10766,Concordia University - Irvine,My Options List,S1
0030V00003fHgHTQA0,Declined,10863,Illinois State University,My Options List,S1
0030V00003fHgHTQA0,Best-Fit College,11208,Denison University,My Options List,S1
0030V00003fHgHTQA0,Best-Fit College,10774,DePaul University,My Options List,S1
0030V00003fHgHTQA0,Accepted,10814,Dominican University,My Options List,S1
0030V00003fHgHTQA0,Accepted,10987,Illinois College,My Options List,S1
0030V00003fHgHTQA0,Best-Fit College,10486,Hamilton College,My Options List,S1
0030V00003fHgHTQA0,Best-Fit College,11435,Harvard University,My Options List,S1
0030V00003fHgHTQA0,Best-Fit College,10965,Haverford College,My Options List,S1
0030V00003fHgHTQA0,Best-Fit College,14151,John Hancock University,My Options List,S1
0030V00003fHgHTQA0,Best-Fit College,12831,Joliet Junior College,My Options List,S1
0030V00003fHgHTQA0,Application Submitted,11503,Knox College,My Options List,S1
0030V00003fHgHTQA0,Application Submitted,11451,Lewis University,My Options List,S1
0030V00003fHgHTQA0,Application Submitted,11965,Loyola University Chicago,My Options List,S1
0030V00003fHgHTQA0,Best-Fit College,11205,North Central College,My Options List,S1
0030V00003fHgHTQA0,Best-Fit College,10384,Northwestern University,My Options List,S1
0030V00003fHgHTQA0,Accepted,10888,Carthage College,Prefill College Application Status Form,S1
0030V00003fHgHTQA0,Application Submitted,11217,Roosevelt University,Prefill College Application Status Form,S1
0030V00003fHgHTQA0,Accepted,12791,City Colleges of Chicago Harry S Truman College,Prefill College Application Status Form,S1
0030V00003fHgHTQA0,Application Submitted,11276,Concordia University (IL),Prefill College Application Status Form,S1
0030V00003fHpIoQAK,Application Submitted,10799,Northern Illinois University,,S1
0030V00003fHpIoQAK,Accepted,10723,National Louis University,,S1
0030V00003fHpIoQAK,Application Submitted,10752,University of Illinois at Springfield,,S1
0030V00003fHpIoQAK,Application Submitted,10436,Western Illinois University,,S1
0030V00003fHpIoQAK,Best-Fit College,10501,Columbia College Chicago,,S1
0030V00003fHpIoQAK,Application Submitted,10863,Illinois State University,,S1
0030V00003fHpIoQAK,Declined,10382,University of Illinois at Chicago,,S1
0030V00003fHpIoQAK,Application Submitted,11965,Loyola University Chicago,Prefill College Application Status Form,S1
0030V00003fHpIoQAK,Application Submitted,11285,Elmhurst College,Prefill College Application Status Form,S1
0030V00003fHpIoQAK,Application Submitted,10774,DePaul University,Prefill College Application Status Form,S1
0030V00003fHpIoQAK,Accepted,58988,City Colleges of Chicago,Prefill College Application Status Form,S1
0030V00003fHpIoQAK,Accepted,10000,Northeastern Illinois University,Prefill College Application Status Form,S1
0030V00003gz7rEQAQ,Declined,11341,University of Chicago,My Options List,S1
0030V00003gz7rEQAQ,Application Submitted,12827,City Colleges of Chicago Wilbur Wright College,My Options List,S1
0030V00003gz7rEQAQ,Application Submitted,10774,DePaul University,My Options List,S1
0030V00003gz7rEQAQ,Application Submitted,11304,DePauw University,My Options List,S1
0030V00003gz7rEQAQ,Declined,10921,Florida College,My Options List,S1
0030V00003gz7rEQAQ,Application Submitted,11435,Harvard University,My Options List,S1
0030V00003gz7rEQAQ,Application Submitted,10799,Northern Illinois University,My Options List,S1
0030V00003gz7rEQAQ,Declined,12040,Pennsylvania State University-Penn State Abington,Prefill College Application Status Form,S1
0030V00003gz7rEQAQ,Application Submitted,10382,University of Illinois at Chicago,My Options List,S1
0030V00003gz7rEQAQ,Application Submitted,10501,Columbia College Chicago,Prefill College Application Status Form,S1
0030V00003gz7rEQAQ,Application Submitted,10790,Trinity Christian College,Prefill College Application Status Form,S1
0030V00003gz7rEQAQ,Application Submitted,10814,Dominican University,Prefill College Application Status Form,S1
0030V00003gz7rEQAQ,Application Submitted,11285,Elmhurst College,Prefill College Application Status Form,S1
0030V00003h1GbkQAE,Best-Fit College,10173,Chicago State University,My Options List,S1
0030V00003h1GbkQAE,Best-Fit College,10501,Columbia College Chicago,My Options List,S1
0030V00003h1GbkQAE,Best-Fit College,10153,MacMurray College,My Options List,S1
0030V00003h1GbkQAE,Application Submitted,10564,North Park University,Prefill College Application Status Form,S1
0030V00003h1GbkQAE,Best-Fit College,10799,Northern Illinois University,My Options List,S1
0030V00003h1GbkQAE,Best-Fit College,10706,Olivet Nazarene University,My Options List,S1
0030V00003h1GbkQAE,Best-Fit College,10320,Saint Xavier University,My Options List,S1
0030V00003h1GbkQAE,Best-Fit College,10790,Trinity Christian College,My Options List,S1
0030V00003h1GbkQAE,Application Submitted,15415,Arrupe College,Prefill College Application Status Form,S1
0030V00003h1GbkQAE,Application Submitted,12827,City Colleges of Chicago Wilbur Wright College,Prefill College Application Status Form,S1
0030V00003h1GbkQAE,Application Submitted,10723,National Louis University,Prefill College Application Status Form,S1
0030V00003h1GbkQAE,Application Submitted,12079,Robert Morris University Illinois,Prefill College Application Status Form,S1
0030V00003h1GbkQAE,Best-Fit College,10063,Saint Augustine College,Prefill College Application Status Form,S1
0030V00003h1GbkQAE,Application Submitted,10774,DePaul University,Prefill College Application Status Form,S1
0030V00003h1GbkQAE,Application Submitted,10382,University of Illinois at Chicago,Prefill College Application Status Form,S1
0030V00003h1RfsQAE,Application Submitted,10814,Dominican University,My Options List,S1
0030V00003h1RfsQAE,Application Submitted,10848,Illinois Institute of Technology,My Options List,S1
0030V00003h1RfsQAE,Best-Fit College,10863,Illinois State University,My Options List,S1
0030V00003h1RfsQAE,Best-Fit College,11965,Loyola University Chicago,My Options List,S1
0030V00003h1RfsQAE,Application Submitted,10384,Northwestern University,My Options List,S1
0030V00003h1RfsQAE,Best-Fit College,11341,University of Chicago,My Options List,S1
0030V00003h1RfsQAE,Application Submitted,10382,University of Illinois at Chicago,My Options List,S1
0030V00003h1RfsQAE,Best-Fit College,10527,University of Illinois at Urbana-Champaign,My Options List,S1
0030V00003h1RfsQAE,Best-Fit College,10752,University of Illinois at Springfield,Prefill College Application Status Form,S1
0030V00003h1RfsQAE,Application Submitted,13966,Principia College,Prefill College Application Status Form,S1
0030V00003h1RfsQAE,Application Submitted,10774,DePaul University,Prefill College Application Status Form,S1
0030V00003h1RfsQAE,Application Submitted,10501,Columbia College Chicago,Prefill College Application Status Form,S1
0030V00003h1RfsQAE,Accepted,12827,City Colleges of Chicago Wilbur Wright College,Prefill College Application Status Form,S1
0030V00003h1RfsQAE,Best-Fit College,10564,North Park University,Prefill College Application Status Form,S1
0030V00003h24WZQAY,Best-Fit College,10888,Carthage College,My Options List,S1
0030V00003h24WZQAY,Best-Fit College,12826,City Colleges of Chicago Harold Washington College,My Options List,S1
0030V00003h24WZQAY,Application Submitted,10501,Columbia College Chicago,My Options List,S1
0030V00003h24WZQAY,Best-Fit College,10861,Eastern Illinois University,My Options List,S1
0030V00003h24WZQAY,Best-Fit College,10572,Millikin University,My Options List,S1
0030V00003h24WZQAY,Accepted,10000,Northeastern Illinois University,My Options List,S1
0030V00003h24WZQAY,Application Submitted,10384,Northwestern University,Prefill College Application Status Form,S1
0030V00003h24WZQAY,Best-Fit College,10877,The New England Conservatory of Music,My Options List,S1
0030V00003h24WZQAY,Application Submitted,10382,University of Illinois at Chicago,Prefill College Application Status Form,S1
0030V00003h24WZQAY,Best-Fit College,11012,VanderCook College of Music,My Options List,S1
0030V00003h24WZQAY,Application Submitted,10774,DePaul University,Prefill College Application Status Form,S1
0030V00003h24WZQAY,Application Submitted,10956,Bradley University,Prefill College Application Status Form,S1
0030V00003h24WZQAY,Application Submitted,11341,University of Chicago,Prefill College Application Status Form,S1
0030V00003h24WZQAY,Application Submitted,10863,Illinois State University,Prefill College Application Status Form,S1
0030V00003h24WZQAY,Application Submitted,10814,Dominican University,Prefill College Application Status Form,S1
0030V00003ji3UPQAY,Best-Fit College,10000,Northeastern Illinois University,My Options List,S1
0030V00003ji3UPQAY,Best-Fit College,10774,DePaul University,My Options List,S1
0030V00003ji3UPQAY,Best-Fit College,10487,Illinois Wesleyan University,My Options List,S1
0030V00003ji3UPQAY,Best-Fit College,11965,Loyola University Chicago,My Options List,S1
0030V00003ji3UPQAY,Best-Fit College,10384,Northwestern University,My Options List,S1
0030V00003ji3UPQAY,Best-Fit College,11217,Roosevelt University,My Options List,S1
0030V00003ji3UPQAY,Best-Fit College,11341,University of Chicago,My Options List,S1
0030V00003ji3UPQAY,Best-Fit College,10382,University of Illinois at Chicago,My Options List,S1
0030V00003ji3UPQAY,Best-Fit College,11423,Lake Forest College,Prefill College Application Status Form,S1
0030V00003ji3UPQAY,Best-Fit College,10752,University of Illinois at Springfield,Prefill College Application Status Form,S1
0030V00003jiOGmQAM,Declined,11342,James Madison University,My Options List,S1
0030V00003jiOGmQAM,Declined,11965,Loyola University Chicago,My Options List,S1
0030V00003jiOGmQAM,Application Submitted,11358,Michigan State University,My Options List,S1
0030V00003jiOGmQAM,Declined,11218,Saint Mary's College,My Options List,S1
0030V00003jiOGmQAM,Declined,12163,University of California-Riverside,My Options List,S1
0030V00003jiOGmQAM,Application Submitted,11341,University of Chicago,My Options List,S1
0030V00003jiOGmQAM,Accepted,10382,University of Illinois at Chicago,My Options List,S1
0030V00003jiOGmQAM,Declined,10961,University of San Diego,My Options List,S1
0030V00003jiOGmQAM,Declined,10901,Wheaton College (IL),My Options List,S1
0030V00003jiOGmQAM,Accepted,10863,Illinois State University,Prefill College Application Status Form,S1
0030V00003jiOGmQAM,Accepted,10774,DePaul University,Prefill College Application Status Form,S1
0030V00003jiOGmQAM,Accepted,10260,Eastern Mennonite University,Prefill College Application Status Form,S1
0030V00003jiOGmQAM,Accepted,11451,Lewis University,Prefill College Application Status Form,S1
0030V00003jiOGmQAM,Accepted,11078,Monmouth College,Prefill College Application Status Form,S1
0030V00003jiOV8QAM,Best-Fit College,10054,Carnegie Mellon University,My Options List,S1
0030V00003jiOV8QAM,Best-Fit College,11103,Coe College,My Options List,S1
0030V00003jiOV8QAM,Accepted,10669,Drake University,My Options List,S1
0030V00003jiOV8QAM,Best-Fit College,10252,Georgetown University,My Options List,S1
0030V00003jiOV8QAM,Best-Fit College,11975,Miami University-Oxford,My Options List,S1
0030V00003jiOV8QAM,Best-Fit College,11244,Princeton University,My Options List,S1
0030V00003jiOV8QAM,Best-Fit College,10380,University of Miami,My Options List,S1
0030V00003jiOV8QAM,Best-Fit College,11325,University of Notre Dame,My Options List,S1
0030V00003jiOV8QAM,Best-Fit College,11380,University of Utah,My Options List,S1
0030V00003jiOV8QAM,Best-Fit College,11525,Yale University,My Options List,S1
0030V00003jiOV8QAM,Best-Fit College,10633,California Institute of Technology,My Options List,S1
0030V00003jiOV8QAM,Best-Fit College,10780,Clark University,My Options List,S1
0030V00003jiOV8QAM,Application Submitted,10774,DePaul University,My Options List,S1
0030V00003jiOV8QAM,Best-Fit College,11849,Georgia College & State University,My Options List,S1
0030V00003jiOV8QAM,Best-Fit College,10454,Georgia State University,My Options List,S1
0030V00003jiOV8QAM,Best-Fit College,10033,Ithaca College,My Options List,S1
0030V00003jiOV8QAM,Best-Fit College,11230,Manhattan College,My Options List,S1
0030V00003jiOV8QAM,Best-Fit College,10186,Southwestern University,My Options List,S1
0030V00003jiOV8QAM,Best-Fit College,11143,University of Georgia,My Options List,S1
0030V00003jiOV8QAM,Application Submitted,10527,University of Illinois at Urbana-Champaign,My Options List,S1
0030V00003jiOV8QAM,Accepted,10382,University of Illinois at Chicago,Prefill College Application Status Form,S1
0030V00003jiOV8QAM,Application Submitted,12043,Pennsylvania State University-Penn State Berks,Prefill College Application Status Form,S1
0030V00003jiOV8QAM,Application Submitted,11429,University of Connecticut,Prefill College Application Status Form,S1
0030V00003jiOV8QAM,Application Submitted,11341,University of Chicago,Prefill College Application Status Form,S1
0030V00003jiOV8QAM,Application Submitted,11122,Duke University,Prefill College Application Status Form,S1
0030V00003jiOV8QAM,Application Submitted,10587,Rice University,Prefill College Application Status Form,S1
0030V00003jiOV8QAM,Application Submitted,10680,Johns Hopkins University,Prefill College Application Status Form,S1
0030V00003jiOV8QAM,Application Submitted,10384,Northwestern University,Prefill College Application Status Form,S1
0030V00003jiOV8QAM,Application in Progress,12287,University of Wisconsin-Madison,Prefill College Application Status Form,S1
0030V00003jiOV8QAM,Application in Progress,12179,University of Michigan-Ann Arbor,Prefill College Application Status Form,S1
0030V00003jiPF9QAM,Best-Fit College,10903,Brown University,My Options List,S1
0030V00003jiPF9QAM,Best-Fit College,10252,Georgetown University,My Options List,S1
0030V00003jiPF9QAM,Best-Fit College,11189,Pepperdine University,My Options List,S1
0030V00003jiPF9QAM,Best-Fit College,11065,University of Colorado at Boulder,My Options List,S1
0030V00003jiPF9QAM,Application Submitted,10380,University of Miami,My Options List,S1
0030V00003jiPF9QAM,Application Submitted,12179,University of Michigan-Ann Arbor,My Options List,S1
0030V00003jiPF9QAM,Best-Fit College,10409,University of North Florida,My Options List,S1
0030V00003jiPF9QAM,Application Submitted,11325,University of Notre Dame,My Options List,S1
0030V00003jiPF9QAM,Best-Fit College,10992,University of San Francisco,My Options List,S1
0030V00003jiPF9QAM,Application Submitted,11380,University of Utah,My Options List,S1
0030V00003jiPF9QAM,Accepted,10905,Rockford College,Prefill College Application Status Form,S1
0030V00003jiPF9QAM,Accepted,10017,Benedictine University,Prefill College Application Status Form,S1
0030V00003jiPF9QAM,Accepted,10799,Northern Illinois University,Prefill College Application Status Form,S1
0030V00003jiPF9QAM,Accepted,10956,Bradley University,Prefill College Application Status Form,S1
0030V00003jiPF9QAM,Accepted,11399,Beloit College,Prefill College Application Status Form,S1
0030V00003jiPF9QAM,Application Submitted,12021,Ohio State University-Main Campus,,S1
0030V00003ebKj1QAE,Application Submitted,12791,City Colleges of Chicago Harry S Truman College,Prefill Best&#45;Fit College Form,S2
0030V00003ebKj1QAE,Best-Fit College,10501,Columbia College Chicago,Prefill Best&#45;Fit College Form,S2
0030V00003ebKj1QAE,Best-Fit College,10774,DePaul University,Prefill Best&#45;Fit College Form,S2
0030V00003ebKj1QAE,Best-Fit College,10848,Illinois Institute of Technology,Prefill Best&#45;Fit College Form,S2
0030V00003ebKj1QAE,Application Submitted,11423,Lake Forest College,Prefill College Application Status Form,S2
0030V00003ebKj1QAE,Application Submitted,11965,Loyola University Chicago,Prefill Best&#45;Fit College Form,S2
0030V00003ebKj1QAE,Best-Fit College,10000,Northeastern Illinois University,Prefill Best&#45;Fit College Form,S2
0030V00003ebKj1QAE,Application Submitted,10382,University of Illinois at Chicago,Prefill Best&#45;Fit College Form,S2
0030V00003ebKj1QAE,Application Submitted,11341,University of Chicago,Prefill Best&#45;Fit College Form,S2
0030V00003ebKj1QAE,Application Submitted,10527,University of Illinois at Urbana-Champaign,Prefill Best&#45;Fit College Form,S2
0030V00003ebKj1QAE,Application Submitted,10723,National Louis University,Prefill Best&#45;Fit College Form,S2
0030V00003ebKj1QAE,College of Consideration,12827,City Colleges of Chicago Wilbur Wright College,Prefill Best&#45;Fit College Form,S2
0030V00003ebKj1QAE,Application Submitted,11285,Elmhurst College,Prefill College Application Status Form,S2
0030V00003ebKj1QAE,Application Submitted,10384,Northwestern University,Prefill College Application Status Form,S2
0030V00003ebKj1QAE,Application Submitted,10814,Dominican University,Prefill College Application Status Form,S2
0030V00003ebOPZQA2,Application Submitted,10956,Bradley University,Prefill Best&#45;Fit College Form,S2
0030V00003ebOPZQA2,College of Consideration,10173,Chicago State University,Prefill Best&#45;Fit College Form,S2
0030V00003ebOPZQA2,Accepted,12827,City Colleges of Chicago Wilbur Wright College,Prefill Best&#45;Fit College Form,S2
0030V00003ebOPZQA2,College of Consideration,11276,Concordia University (IL),Prefill Best&#45;Fit College Form,S2
0030V00003ebOPZQA2,Application Submitted,10774,DePaul University,Prefill Best&#45;Fit College Form,S2
0030V00003ebOPZQA2,Accepted,10814,Dominican University,Prefill Best&#45;Fit College Form,S2
0030V00003ebOPZQA2,College of Consideration,10987,Illinois College,Prefill Best&#45;Fit College Form,S2
0030V00003ebOPZQA2,Application Submitted,10863,Illinois State University,Prefill Best&#45;Fit College Form,S2
0030V00003ebOPZQA2,Accepted,11965,Loyola University Chicago,Prefill Best&#45;Fit College Form,S2
0030V00003ebOPZQA2,Best-Fit College,12079,Robert Morris University Illinois,Prefill Best&#45;Fit College Form,S2
0030V00003ebOPZQA2,Application Submitted,10382,University of Illinois at Chicago,Prefill Best&#45;Fit College Form,S2
0030V00003ebOPZQA2,Best-Fit College,10752,University of Illinois at Springfield,Prefill Best&#45;Fit College Form,S2
0030V00003ebOPZQA2,Best-Fit College,11341,University of Chicago,Prefill Best&#45;Fit College Form,S2
0030V00003ebOPZQA2,Accepted,10369,Indiana State University,Prefill College Application Status Form,S2
0030V00003ebOPZQA2,Application Submitted,10527,University of Illinois at Urbana-Champaign,Prefill College Application Status Form,S2
0030V00003ebOPZQA2,Application Submitted,11396,Augustana College (IL),Prefill College Application Status Form,S2
0030V00003ebOPZQA2,Application Submitted,15415,Arrupe College,Prefill College Application Status Form,S2
0030V00003fDveXQAS,Best-Fit College,10173,Chicago State University,My Options List,S2
0030V00003fDveXQAS,Best-Fit College,10814,Dominican University,My Options List,S2
0030V00003fDveXQAS,Application Submitted,10848,Illinois Institute of Technology,My Options List,S2
0030V00003fDveXQAS,Application Submitted,10799,Northern Illinois University,My Options List,S2
0030V00003fDveXQAS,Best-Fit College,10471,Southern Illinois University Carbondale,My Options List,S2
0030V00003fDveXQAS,Application Submitted,10752,University of Illinois at Springfield,My Options List,S2
0030V00003fDveXQAS,Best-Fit College,10527,University of Illinois at Urbana-Champaign,My Options List,S2
0030V00003fDveXQAS,Best-Fit College,10863,Illinois State University,My Options List,S2
0030V00003fDveXQAS,Application Submitted,10382,University of Illinois at Chicago,My Options List,S2
0030V00003fDveXQAS,Best-Fit College,10436,Western Illinois University,My Options List,S2
0030V00003fDveXQAS,Application Submitted,11309,Milwaukee School of Engineering,Prefill College Application Status Form,S2
0030V00003fDveXQAS,Declined,11083,University of Iowa,Prefill College Application Status Form,S2
0030V00003fDveXQAS,Application Submitted,10956,Bradley University,Prefill College Application Status Form,S2
0030V00003fDveXQAS,Best-Fit College,11965,Loyola University Chicago,Prefill College Application Status Form,S2
0030V00003fDveXQAS,Application Submitted,10774,DePaul University,Prefill College Application Status Form,S2
0030V00003fEDP8QAO,Application Submitted,12827,City Colleges of Chicago Wilbur Wright College,My Options List,S2
0030V00003fEDP8QAO,Best-Fit College,10987,Illinois College,My Options List,S2
0030V00003fEDP8QAO,Best-Fit College,10863,Illinois State University,My Options List,S2
0030V00003fEDP8QAO,Best-Fit College,11004,Loyola Marymount University,My Options List,S2
0030V00003fEDP8QAO,Application Submitted,11965,Loyola University Chicago,My Options List,S2
0030V00003fEDP8QAO,Best-Fit College,10384,Northwestern University,My Options List,S2
0030V00003fEDP8QAO,Accepted,11217,Roosevelt University,My Options List,S2
0030V00003fEDP8QAO,Best-Fit College,12159,University of California-Berkeley,My Options List,S2
0030V00003fEDP8QAO,Application Submitted,12162,University of California-Los Angeles,My Options List,S2
0030V00003fEDP8QAO,Application Submitted,11341,University of Chicago,My Options List,S2
0030V00003fEDP8QAO,Application Submitted,10382,University of Illinois at Chicago,My Options List,S2
0030V00003fEDP8QAO,Accepted,10752,University of Illinois at Springfield,My Options List,S2
0030V00003fEDP8QAO,Best-Fit College,10992,University of San Francisco,My Options List,S2
0030V00003fEDP8QAO,Best-Fit College,11101,Westmont College,My Options List,S2
0030V00003fEDP8QAO,Accepted,10723,National Louis University,Prefill College Application Status Form,S2
0030V00003fEDP8QAO,Application Submitted,10527,University of Illinois at Urbana-Champaign,Prefill College Application Status Form,S2
0030V00003fEXLBQA4,Best-Fit College,12826,City Colleges of Chicago Harold Washington College,Prefill Best&#45;Fit College Form,S2
0030V00003fEXLBQA4,Accepted,12827,City Colleges of Chicago Wilbur Wright College,Prefill Best&#45;Fit College Form,S2
0030V00003fEXLBQA4,Accepted,10501,Columbia College Chicago,Prefill Best&#45;Fit College Form,S2
0030V00003fEXLBQA4,Application in Progress,10814,Dominican University,My Options List,S2
0030V00003fEXLBQA4,Declined,10848,Illinois Institute of Technology,My Options List,S2
0030V00003fEXLBQA4,Application in Progress,11965,Loyola University Chicago,Prefill Best&#45;Fit College Form,S2
0030V00003fEXLBQA4,Application in Progress,11217,Roosevelt University,Prefill Best&#45;Fit College Form,S2
0030V00003fEXLBQA4,Accepted,10320,Saint Xavier University,My Options List,S2
0030V00003fEXLBQA4,Application Submitted,10382,University of Illinois at Chicago,Prefill Best&#45;Fit College Form,S2
0030V00003fEXLBQA4,Application in Progress,10723,National Louis University,Prefill Best&#45;Fit College Form,S2
0030V00003fEXLBQA4,Application in Progress,10000,Northeastern Illinois University,Prefill Best&#45;Fit College Form,S2
0030V00003fEXLBQA4,Application Submitted,11503,Knox College,Prefill Best&#45;Fit College Form,S2
0030V00003fEXLBQA4,Best-Fit College,10527,University of Illinois at Urbana-Champaign,Prefill Best&#45;Fit College Form,S2
0030V00003fEXLBQA4,Application Submitted,10774,DePaul University,Prefill Best&#45;Fit College Form,S2
0030V00003fEXLBQA4,Best-Fit College,12816,Northwestern College (Ill.),Prefill College Application Status Form,S2
0030V00003fEXLBQA4,Application Submitted,11205,North Central College,Prefill College Application Status Form,S2
0030V00003fEXLBQA4,Application Submitted,10752,University of Illinois at Springfield,Prefill College Application Status Form,S2
0030V00003fEXLBQA4,Application Submitted,10384,Northwestern University,Prefill College Application Status Form,S2
0030V00003fEb9tQAC,Application Submitted,10956,Bradley University,Prefill Best&#45;Fit College Form,S2
0030V00003fEb9tQAC,Application Submitted,11076,California Institute of the Arts,Prefill Best&#45;Fit College Form,S2
0030V00003fEb9tQAC,Application Submitted,10501,Columbia College Chicago,Prefill Best&#45;Fit College Form,S2
0030V00003fEb9tQAC,Application Submitted,10774,DePaul University,Prefill Best&#45;Fit College Form,S2
0030V00003fEb9tQAC,Application Submitted,12078,Ringling College of Art and Design,Prefill Best&#45;Fit College Form,S2
0030V00003fEb9tQAC,Application Submitted,10550,Rochester Institute of Technology,Prefill Best&#45;Fit College Form,S2
0030V00003fEb9tQAC,Best-Fit College,10036,Savannah College of Art and Design,Prefill Best&#45;Fit College Form,S2
0030V00003fEb9tQAC,Best-Fit College,11341,University of Chicago,Prefill Best&#45;Fit College Form,S2
0030V00003fEb9tQAC,Best-Fit College,10527,University of Illinois at Urbana-Champaign,Prefill Best&#45;Fit College Form,S2
0030V00003fEb9tQAC,Application Submitted,10384,Northwestern University,Prefill Best&#45;Fit College Form,S2
0030V00003fEb9tQAC,Application Submitted,12826,City Colleges of Chicago Harold Washington College,Prefill Best&#45;Fit College Form,S2
0030V00003fEb9tQAC,Application Submitted,12824,City Colleges of Chicago Malcolm X College,Prefill Best&#45;Fit College Form,S2
0030V00003fEb9tQAC,Application Submitted,11118,School of the Art Institute of Chicago,Prefill College Application Status Form,S2
0030V00003fEb9tQAC,Application Submitted,10748,Pennsylvania College of Technology,Prefill College Application Status Form,S2
0030V00003fEdMrQAK,Application Submitted,10382,University of Illinois at Chicago,Prefill Best&#45;Fit College Form,S2
0030V00003fEdMrQAK,Best-Fit College,11185,Aurora University,My Options List,S2
0030V00003fEdMrQAK,Application Submitted,10774,DePaul University,Prefill Best&#45;Fit College Form,S2
0030V00003fEdMrQAK,Application Submitted,10814,Dominican University,Prefill Best&#45;Fit College Form,S2
0030V00003fEdMrQAK,Best-Fit College,11965,Loyola University Chicago,Prefill Best&#45;Fit College Form,S2
0030V00003fEdMrQAK,Best-Fit College,11358,Michigan State University,My Options List,S2
0030V00003fEdMrQAK,Best-Fit College,10788,Murray State University,My Options List,S2
0030V00003fEdMrQAK,Best-Fit College,10384,Northwestern University,Prefill Best&#45;Fit College Form,S2
0030V00003fEdMrQAK,Best-Fit College,10235,Stanford University,My Options List,S2
0030V00003fEdMrQAK,Best-Fit College,10308,Texas Tech University,Prefill Best&#45;Fit College Form,S2
0030V00003fEdMrQAK,Best-Fit College,12162,University of California-Los Angeles,My Options List,S2
0030V00003fEdMrQAK,Best-Fit College,10527,University of Illinois at Urbana-Champaign,Prefill Best&#45;Fit College Form,S2
0030V00003fEdMrQAK,Best-Fit College,11341,University of Chicago,Prefill Best&#45;Fit College Form,S2
0030V00003fEdMrQAK,Application Submitted,10752,University of Illinois at Springfield,Prefill Best&#45;Fit College Form,S2
0030V00003fEdMrQAK,Application Submitted,12827,City Colleges of Chicago Wilbur Wright College,Prefill College Application Status Form,S2
0030V00003fEdOdQAK,Best-Fit College,10752,University of Illinois at Springfield,Prefill Best&#45;Fit College Form,S2
0030V00003fEdOdQAK,Best-Fit College,11185,Aurora University,Prefill Best&#45;Fit College Form,S2
0030V00003fEdOdQAK,Best-Fit College,10418,Lexington College,Prefill Best&#45;Fit College Form,S2
0030V00003fEdOdQAK,Application Submitted,10774,DePaul University,Prefill Best&#45;Fit College Form,S2
0030V00003fEdOdQAK,Application Submitted,10814,Dominican University,Prefill Best&#45;Fit College Form,S2
0030V00003fEdOdQAK,Best-Fit College,10863,Illinois State University,Prefill Best&#45;Fit College Form,S2
0030V00003fEdOdQAK,Best-Fit College,11965,Loyola University Chicago,Prefill Best&#45;Fit College Form,S2
0030V00003fEdOdQAK,Application Submitted,10564,North Park University,Prefill Best&#45;Fit College Form,S2
0030V00003fEdOdQAK,Best-Fit College,10000,Northeastern Illinois University,Prefill Best&#45;Fit College Form,S2
0030V00003fEdOdQAK,Application Submitted,10905,Rockford College,Prefill Best&#45;Fit College Form,S2
0030V00003fEdOdQAK,Accepted,10320,Saint Xavier University,Prefill Best&#45;Fit College Form,S2
0030V00003fEdOdQAK,Best-Fit College,11341,University of Chicago,Prefill Best&#45;Fit College Form,S2
0030V00003fEdOdQAK,Accepted,10723,National Louis University,Prefill Best&#45;Fit College Form,S2
0030V00003fEdOdQAK,Best-Fit College,12824,City Colleges of Chicago Malcolm X College,Prefill Best&#45;Fit College Form,S2
0030V00003fEdOdQAK,Accepted,12827,City Colleges of Chicago Wilbur Wright College,Prefill Best&#45;Fit College Form,S2
0030V00003fEdOdQAK,Application Submitted,10348,Marquette University,Prefill College Application Status Form,S2
0030V00003fEdOdQAK,Application Submitted,10956,Bradley University,Prefill College Application Status Form,S2
0030V00003fEdOdQAK,Application Submitted,10836,Oberlin College,Prefill College Application Status Form,S2
0030V00003fEdOdQAK,Application Submitted,10382,University of Illinois at Chicago,Prefill College Application Status Form,S2
0030V00003fEdU2QAK,Best-Fit College,11396,Augustana College (IL),Prefill Best&#45;Fit College Form,S2
0030V00003fEdU2QAK,College of Consideration,11185,Aurora University,Prefill Best&#45;Fit College Form,S2
0030V00003fEdU2QAK,Best-Fit College,10501,Columbia College Chicago,Prefill Best&#45;Fit College Form,S2
0030V00003fEdU2QAK,Accepted,10774,DePaul University,Prefill Best&#45;Fit College Form,S2
0030V00003fEdU2QAK,Accepted,10863,Illinois State University,Prefill Best&#45;Fit College Form,S2
0030V00003fEdU2QAK,Best-Fit College,11503,Knox College,Prefill Best&#45;Fit College Form,S2
0030V00003fEdU2QAK,Application Submitted,10384,Northwestern University,Prefill Best&#45;Fit College Form,S2
0030V00003fEdU2QAK,Best-Fit College,11163,Quincy University (IL),Prefill Best&#45;Fit College Form,S2
0030V00003fEdU2QAK,Best-Fit College,11217,Roosevelt University,Prefill Best&#45;Fit College Form,S2
0030V00003fEdU2QAK,Accepted,10382,University of Illinois at Chicago,Prefill Best&#45;Fit College Form,S2
0030V00003fEdU2QAK,Application Submitted,10527,University of Illinois at Urbana-Champaign,Prefill Best&#45;Fit College Form,S2
0030V00003fEdU2QAK,Best-Fit College,10436,Western Illinois University,Prefill Best&#45;Fit College Form,S2
0030V00003fEdU2QAK,Application Submitted,11965,Loyola University Chicago,Prefill Best&#45;Fit College Form,S2
0030V00003fEdU2QAK,Accepted,10799,Northern Illinois University,Prefill Best&#45;Fit College Form,S2
0030V00003fEdU2QAK,Accepted,10752,University of Illinois at Springfield,Prefill Best&#45;Fit College Form,S2
0030V00003fEdU2QAK,Best-Fit College,11341,University of Chicago,Prefill Best&#45;Fit College Form,S2
0030V00003fEdU2QAK,Accepted,10987,Illinois College,Prefill College Application Status Form,S2
0030V00003fEdU2QAK,Accepted,11451,Lewis University,Prefill College Application Status Form,S2
0030V00003fEdU2QAK,Accepted,10954,Southern Illinois University Edwardsville,Prefill College Application Status Form,S2
0030V00003fEwzyQAC,Application Submitted,12826,City Colleges of Chicago Harold Washington College,Prefill Best&#45;Fit College Form,S2
0030V00003fEwzyQAC,Best-Fit College,11276,Concordia University (IL),Prefill Best&#45;Fit College Form,S2
0030V00003fEwzyQAC,Best-Fit College,10774,DePaul University,Prefill Best&#45;Fit College Form,S2
0030V00003fEwzyQAC,Best-Fit College,11285,Elmhurst College,Prefill Best&#45;Fit College Form,S2
0030V00003fEwzyQAC,Application Submitted,10848,Illinois Institute of Technology,Prefill Best&#45;Fit College Form,S2
0030V00003fEwzyQAC,College of Consideration,12815,Morton College,Prefill Best&#45;Fit College Form,S2
0030V00003fEwzyQAC,Best-Fit College,10564,North Park University,Prefill Best&#45;Fit College Form,S2
0030V00003fEwzyQAC,Best-Fit College,10799,Northern Illinois University,Prefill Best&#45;Fit College Form,S2
0030V00003fEwzyQAC,Best-Fit College,12817,Oakton Community College,Prefill Best&#45;Fit College Form,S2
0030V00003fEwzyQAC,Application Submitted,10382,University of Illinois at Chicago,Prefill Best&#45;Fit College Form,S2
0030V00003fEwzyQAC,Best-Fit College,10436,Western Illinois University,Prefill Best&#45;Fit College Form,S2
0030V00003fEwzyQAC,Best-Fit College,10320,Saint Xavier University,Prefill Best&#45;Fit College Form,S2
0030V00003fEwzyQAC,Accepted,12079,Robert Morris University Illinois,Prefill College Application Status Form,S2
0030V00003fEwzyQAC,Application Submitted,10863,Illinois State University,Prefill College Application Status Form,S2
0030V00003fEwzyQAC,Application Submitted,12827,City Colleges of Chicago Wilbur Wright College,Prefill College Application Status Form,S2
0030V00003fEwzyQAC,Application Submitted,15415,Arrupe College,Prefill College Application Status Form,S2
0030V00003fEwzyQAC,Application Submitted,10501,Columbia College Chicago,Prefill College Application Status Form,S2
0030V00003fEwzyQAC,Application Submitted,10000,Northeastern Illinois University,Prefill College Application Status Form,S2
0030V00003fEwzyQAC,Application Submitted,11936,Judson University,Prefill College Application Status Form,S2
0030V00003fFNPwQAO,Accepted,10814,Dominican University,Prefill Best&#45;Fit College Form,S2
0030V00003fFNPwQAO,Accepted,10863,Illinois State University,Prefill Best&#45;Fit College Form,S2
0030V00003fFNPwQAO,Application in Progress,10655,Notre Dame College,Prefill Best&#45;Fit College Form,S2
0030V00003fFNPwQAO,Application Submitted,10382,University of Illinois at Chicago,Prefill Best&#45;Fit College Form,S2
0030V00003fFNPwQAO,Accepted,10752,University of Illinois at Springfield,Prefill Best&#45;Fit College Form,S2
0030V00003fFNPwQAO,Accepted,11083,University of Iowa,Prefill Best&#45;Fit College Form,S2
0030V00003fFNPwQAO,Application in Progress,10384,Northwestern University,Prefill Best&#45;Fit College Form,S2
0030V00003fFNPwQAO,Application in Progress,10527,University of Illinois at Urbana-Champaign,Prefill Best&#45;Fit College Form,S2
0030V00003fFNPwQAO,Application Submitted,10564,North Park University,Prefill College Application Status Form,S2
0030V00003fFNPwQAO,Accepted,10799,Northern Illinois University,Prefill College Application Status Form,S2
0030V00003fFNPwQAO,Accepted,10025,Central Michigan University,Prefill College Application Status Form,S2
0030V00003fHY7aQAG,Application Submitted,10384,Northwestern University,My Options List,S2
0030V00003fHY7aQAG,Application Submitted,11396,Augustana College (IL),My Options List,S2
0030V00003fHY7aQAG,Accepted,12827,City Colleges of Chicago Wilbur Wright College,My Options List,S2
0030V00003fHY7aQAG,Best-Fit College,10418,Lexington College,My Options List,S2
0030V00003fHY7aQAG,Best-Fit College,14344,Lincoln College (4-Year),My Options List,S2
0030V00003fHY7aQAG,Best-Fit College,10063,Saint Augustine College,My Options List,S2
0030V00003fHY7aQAG,Best-Fit College,10235,Stanford University,My Options List,S2
0030V00003fHY7aQAG,Best-Fit College,12164,University of California-San Diego,My Options List,S2
0030V00003fHY7aQAG,Application Submitted,10382,University of Illinois at Chicago,My Options List,S2
0030V00003fHY7aQAG,Accepted,10774,DePaul University,Prefill College Application Status Form,S2
0030V00003fHY7aQAG,Accepted,10723,National Louis University,Prefill College Application Status Form,S2
0030V00003fHY7aQAG,Accepted,11965,Loyola University Chicago,Prefill College Application Status Form,S2
0030V00003fHY7aQAG,Application Submitted,10752,University of Illinois at Springfield,Prefill College Application Status Form,S2
0030V00003fHY7aQAG,Application Submitted,10000,Northeastern Illinois University,Prefill College Application Status Form,S2
0030V00003fHY7zQAG,College of Consideration,14058,Brazosport College,Prefill Best&#45;Fit College Form,S2
0030V00003fHY7zQAG,Best-Fit College,13718,Dallas Nursing Institute,My Options List,S2
0030V00003fHY7zQAG,Best-Fit College,10774,DePaul University,Prefill Best&#45;Fit College Form,S2
0030V00003fHY7zQAG,Best-Fit College,10129,Howard Payne University,Prefill Best&#45;Fit College Form,S2
0030V00003fHY7zQAG,Best-Fit College,10863,Illinois State University,Prefill Best&#45;Fit College Form,S2
0030V00003fHY7zQAG,Application Submitted,10000,Northeastern Illinois University,Prefill Best&#45;Fit College Form,S2
0030V00003fHY7zQAG,Best-Fit College,10799,Northern Illinois University,Prefill Best&#45;Fit College Form,S2
0030V00003fHY7zQAG,Application Submitted,10384,Northwestern University,Prefill Best&#45;Fit College Form,S2
0030V00003fHY7zQAG,Best-Fit College,10914,San Diego State University,Prefill Best&#45;Fit College Form,S2
0030V00003fHY7zQAG,Best-Fit College,10235,Stanford University,Prefill Best&#45;Fit College Form,S2
0030V00003fHY7zQAG,Best-Fit College,12159,University of California-Berkeley,Prefill Best&#45;Fit College Form,S2
0030V00003fHY7zQAG,Best-Fit College,10527,University of Illinois at Urbana-Champaign,Prefill Best&#45;Fit College Form,S2
0030V00003fHY7zQAG,Best-Fit College,10961,University of San Diego,Prefill Best&#45;Fit College Form,S2
0030V00003fHY7zQAG,Application Submitted,11094,Fisk University,Prefill Best&#45;Fit College Form,S2
0030V00003fHY7zQAG,Application in Progress,10382,University of Illinois at Chicago,Prefill Best&#45;Fit College Form,S2
0030V00003fHY7zQAG,Best-Fit College,10752,University of Illinois at Springfield,Prefill Best&#45;Fit College Form,S2
0030V00003fHY7zQAG,Best-Fit College,10471,Southern Illinois University Carbondale,Prefill Best&#45;Fit College Form,S2
0030V00003fHY7zQAG,Application Submitted,10496,Spelman College,Prefill College Application Status Form,S2
0030V00003fHY7zQAG,Application Submitted,10454,Georgia State University,Prefill College Application Status Form,S2
0030V00003fHY7zQAG,Application Submitted,10380,University of Miami,Prefill College Application Status Form,S2
0030V00003fHY7zQAG,Application Submitted,10178,Jackson State University,Prefill College Application Status Form,S2
0030V00003fHY9CQAW,Best-Fit College,12791,City Colleges of Chicago Harry S Truman College,My Options List,S2
0030V00003fHY9CQAW,Best-Fit College,12845,City Colleges of Chicago Kennedy-King College,My Options List,S2
0030V00003fHY9CQAW,Best-Fit College,12824,City Colleges of Chicago Malcolm X College,My Options List,S2
0030V00003fHY9CQAW,Best-Fit College,12854,Harper College,My Options List,S2
0030V00003fHY9CQAW,Application Submitted,10384,Northwestern University,My Options List,S2
0030V00003fHY9CQAW,Application Submitted,12827,City Colleges of Chicago Wilbur Wright College,Prefill College Application Status Form,S2
0030V00003fHY9CQAW,Application Submitted,13358,Southeastern Community College (N.C.),Prefill College Application Status Form,S2
0030V00003fHY9CQAW,Application Submitted,10723,National Louis University,Prefill College Application Status Form,S2
0030V00003fHY9CQAW,Application Submitted,12079,Robert Morris University Illinois,Prefill College Application Status Form,S2
0030V00003fHY9CQAW,Application Submitted,10000,Northeastern Illinois University,Prefill College Application Status Form,S2
0030V00003fHY9CQAW,Application Submitted,10313,Austin College,Prefill College Application Status Form,S2
0030V00003fHY9CQAW,Application Submitted,10382,University of Illinois at Chicago,Prefill College Application Status Form,S2
0030V00003fHY9CQAW,Application Submitted,10774,DePaul University,Prefill College Application Status Form,S2
0030V00003fHY9CQAW,Application Submitted,10564,North Park University,Prefill College Application Status Form,S2
0030V00003fHY9CQAW,Application Submitted,12816,Northwestern College (Ill.),Prefill College Application Status Form,S2
0030V00003fHY9CQAW,Accepted,10063,Saint Augustine College,Prefill College Application Status Form,S2
0030V00003fHYAPQA4,Best-Fit College,10034,American Academy of Art,Prefill Best&#45;Fit College Form,S2
0030V00003fHYAPQA4,Best-Fit College,10848,Illinois Institute of Technology,Prefill Best&#45;Fit College Form,S2
0030V00003fHYAPQA4,Application in Progress,10173,Chicago State University,Prefill College Application Status Form,S2
0030V00003fHYAPQA4,Best-Fit College,12845,City Colleges of Chicago Kennedy-King College,Prefill Best&#45;Fit College Form,S2
0030V00003fHYAPQA4,Best-Fit College,12824,City Colleges of Chicago Malcolm X College,Prefill Best&#45;Fit College Form,S2
0030V00003fHYAPQA4,Best-Fit College,12827,City Colleges of Chicago Wilbur Wright College,Prefill Best&#45;Fit College Form,S2
0030V00003fHYAPQA4,Application Submitted,10501,Columbia College Chicago,Prefill Best&#45;Fit College Form,S2
0030V00003fHYAPQA4,Best-Fit College,13944,Lincoln College (2-Year),Prefill Best&#45;Fit College Form,S2
0030V00003fHYAPQA4,Best-Fit College,10564,North Park University,Prefill Best&#45;Fit College Form,S2
0030V00003fHYAPQA4,Application Submitted,10000,Northeastern Illinois University,Prefill Best&#45;Fit College Form,S2
0030V00003fHYAPQA4,Best-Fit College,11118,School of the Art Institute of Chicago,Prefill Best&#45;Fit College Form,S2
0030V00003fHYAPQA4,Best-Fit College,80334,Tricoci University of Beauty Culture,Prefill Best&#45;Fit College Form,S2
0030V00003fHYAPQA4,Accepted,12826,City Colleges of Chicago Harold Washington College,Prefill College Application Status Form,S2
0030V00003fHYAPQA4,Application Submitted,10723,National Louis University,Prefill College Application Status Form,S2
0030V00003fHYAPQA4,Accepted,12819,Triton College,Prefill College Application Status Form,S2
0030V00003fHYAPQA4,Application in Progress,14353,Tribeca Flashpoint Media Arts Academy,Prefill College Application Status Form,S2
0030V00003fHYAPQA4,Application Submitted,10799,Northern Illinois University,Prefill College Application Status Form,S2
0030V00003fHYAUQA4,Best-Fit College,12826,City Colleges of Chicago Harold Washington College,Prefill Best&#45;Fit College Form,S2
0030V00003fHYAUQA4,Application Submitted,15415,Arrupe College,Prefill Best&#45;Fit College Form,S2
0030V00003fHYAUQA4,Application Submitted,10799,Northern Illinois University,Prefill Best&#45;Fit College Form,S2
0030V00003fHYAUQA4,Declined,10948,East-West University,Prefill Best&#45;Fit College Form,S2
0030V00003fHYAUQA4,Declined,10501,Columbia College Chicago,Prefill Best&#45;Fit College Form,S2
0030V00003fHYAUQA4,Application in Progress,10564,North Park University,Prefill Best&#45;Fit College Form,S2
0030V00003fHYAUQA4,Application Submitted,12824,City Colleges of Chicago Malcolm X College,Prefill Best&#45;Fit College Form,S2
0030V00003fHYAUQA4,Application Submitted,10320,Saint Xavier University,Prefill College Application Status Form,S2
0030V00003fHYAUQA4,Application Submitted,11285,Elmhurst College,Prefill College Application Status Form,S2
0030V00003fHYAUQA4,Application Submitted,10723,National Louis University,Prefill College Application Status Form,S2
0030V00003fHYAUQA4,Application Submitted,12079,Robert Morris University Illinois,Prefill College Application Status Form,S2
0030V00003fHYBcQAO,Application in Progress,12433,Cerritos College,Prefill Best&#45;Fit College Form,S2
0030V00003fHYBcQAO,Application in Progress,11365,Chaminade University of Honolulu,Prefill Best&#45;Fit College Form,S2
0030V00003fHYBcQAO,Application in Progress,12783,University of Hawaii Hawaii Community College,Prefill Best&#45;Fit College Form,S2
0030V00003fHYBcQAO,Application Submitted,11500,Hawaii Pacific University,Prefill College Application Status Form,S2
0030V00003fHYBcQAO,Application in Progress,12591,Long Beach City College,Prefill Best&#45;Fit College Form,S2
0030V00003fHYBcQAO,Application in Progress,10992,University of San Francisco,Prefill Best&#45;Fit College Form,S2
0030V00003fHYBcQAO,Application Submitted,10774,DePaul University,Prefill College Application Status Form,S2
0030V00003fHYBcQAO,Application Submitted,11205,North Central College,Prefill College Application Status Form,S2
0030V00003fHYBcQAO,Application Submitted,11004,Loyola Marymount University,Prefill College Application Status Form,S2
0030V00003fHYBcQAO,Application Submitted,10382,University of Illinois at Chicago,Prefill College Application Status Form,S2
0030V00003fHYBcQAO,Accepted,12827,City Colleges of Chicago Wilbur Wright College,Prefill College Application Status Form,S2
0030V00003fHYBcQAO,Accepted,10000,Northeastern Illinois University,Prefill College Application Status Form,S2
0030V00003fHYBwQAO,Best-Fit College,10173,Chicago State University,Prefill Best&#45;Fit College Form,S2
0030V00003fHYBwQAO,Best-Fit College,12827,City Colleges of Chicago Wilbur Wright College,Prefill Best&#45;Fit College Form,S2
0030V00003fHYBwQAO,Application Submitted,10501,Columbia College Chicago,Prefill Best&#45;Fit College Form,S2
0030V00003fHYBwQAO,Application Submitted,10774,DePaul University,Prefill Best&#45;Fit College Form,S2
0030V00003fHYBwQAO,Best-Fit College,11965,Loyola University Chicago,Prefill Best&#45;Fit College Form,S2
0030V00003fHYBwQAO,Best-Fit College,12815,Morton College,Prefill Best&#45;Fit College Form,S2
0030V00003fHYBwQAO,Best-Fit College,11217,Roosevelt University,Prefill Best&#45;Fit College Form,S2
0030V00003fHYBwQAO,Application Submitted,12819,Triton College,Prefill Best&#45;Fit College Form,S2
0030V00003fHYBwQAO,Application Submitted,11341,University of Chicago,Prefill Best&#45;Fit College Form,S2
0030V00003fHYBwQAO,Application Submitted,10384,Northwestern University,Prefill College Application Status Form,S2
0030V00003fHYBwQAO,Application Submitted,12791,City Colleges of Chicago Harry S Truman College,Prefill College Application Status Form,S2
0030V00003fHYBwQAO,Application Submitted,11276,Concordia University (IL),Prefill College Application Status Form,S2
0030V00003fHYDJQA4,Best-Fit College,11237,California Lutheran University,My Options List,S2
0030V00003fHYDJQA4,Best-Fit College,11761,California State University-Northridge,My Options List,S2
0030V00003fHYDJQA4,Best-Fit College,13933,Governors State University,My Options List,S2
0030V00003fHYDJQA4,Best-Fit College,12851,Rend Lake College,My Options List,S2
0030V00003fHYDJQA4,Best-Fit College,12454,San Diego Miramar College,My Options List,S2
0030V00003fHYDJQA4,Best-Fit College,10990,San Jose State University,My Options List,S2
0030V00003fHYDJQA4,Application Submitted,58988,City Colleges of Chicago,Prefill College Application Status Form,S2
0030V00003fHYDJQA4,Application Submitted,10774,DePaul University,Prefill College Application Status Form,S2
0030V00003fHYDJQA4,Application Submitted,10814,Dominican University,Prefill College Application Status Form,S2
0030V00003fHYDJQA4,Application Submitted,10382,University of Illinois at Chicago,Prefill College Application Status Form,S2
0030V00003fHYDJQA4,Application in Progress,10501,Columbia College Chicago,Prefill College Application Status Form,S2
0030V00003fHYDJQA4,Best-Fit College,10799,Northern Illinois University,Prefill College Application Status Form,S2
0030V00003fHYDJQA4,Best-Fit College,10564,North Park University,Prefill College Application Status Form,S2
0030V00003fHYDJQA4,Application Submitted,10723,National Louis University,Prefill College Application Status Form,S2
0030V00003fHYDJQA4,Application Submitted,12079,Robert Morris University Illinois,Prefill College Application Status Form,S2
0030V00003fHYDJQA4,Best-Fit College,15415,Arrupe College,Prefill College Application Status Form,S2
0030V00003fHYDJQA4,Best-Fit College,10000,Northeastern Illinois University,Prefill College Application Status Form,S2
0030V00003fHYFeQAO,Application Submitted,11965,Loyola University Chicago,Prefill Best&#45;Fit College Form,S2
0030V00003fHYFeQAO,College of Consideration,10848,Illinois Institute of Technology,Prefill Best&#45;Fit College Form,S2
0030V00003fHYFeQAO,Application Submitted,10382,University of Illinois at Chicago,Prefill Best&#45;Fit College Form,S2
0030V00003fHYFeQAO,Best-Fit College,11341,University of Chicago,Prefill Best&#45;Fit College Form,S2
0030V00003fHYFeQAO,Best-Fit College,11396,Augustana College (IL),Prefill Best&#45;Fit College Form,S2
0030V00003fHYFeQAO,Best-Fit College,10173,Chicago State University,Prefill Best&#45;Fit College Form,S2
0030V00003fHYFeQAO,Best-Fit College,10501,Columbia College Chicago,Prefill Best&#45;Fit College Form,S2
0030V00003fHYFeQAO,College of Consideration,10774,DePaul University,Prefill Best&#45;Fit College Form,S2
0030V00003fHYFeQAO,College of Consideration,11105,Drexel University,Prefill Best&#45;Fit College Form,S2
0030V00003fHYFeQAO,Best-Fit College,11217,Roosevelt University,Prefill Best&#45;Fit College Form,S2
0030V00003fHYFeQAO,Application Submitted,10063,Saint Augustine College,Prefill Best&#45;Fit College Form,S2
0030V00003fHYFeQAO,College of Consideration,12110,St. John's University-New York,Prefill Best&#45;Fit College Form,S2
0030V00003fHYFeQAO,Best-Fit College,10527,University of Illinois at Urbana-Champaign,Prefill Best&#45;Fit College Form,S2
0030V00003fHYFeQAO,Application Submitted,10723,National Louis University,Prefill Best&#45;Fit College Form,S2
0030V00003fHYFeQAO,Application Submitted,12845,City Colleges of Chicago Kennedy-King College,Prefill Best&#45;Fit College Form,S2
0030V00003fHYFeQAO,Best-Fit College,12079,Robert Morris University Illinois,Prefill Best&#45;Fit College Form,S2
0030V00003fHYFeQAO,Application Submitted,11285,Elmhurst College,Prefill Best&#45;Fit College Form,S2
0030V00003fHYFeQAO,Application Submitted,10814,Dominican University,Prefill Best&#45;Fit College Form,S2
0030V00003fHYFeQAO,Best-Fit College,10863,Illinois State University,Prefill Best&#45;Fit College Form,S2
0030V00003fHYFeQAO,Application Submitted,10564,North Park University,Prefill College Application Status Form,S2
0030V00003fHgJAQA0,Best-Fit College,10017,Benedictine University,My Options List,S2
0030V00003fHgJAQA0,Application Submitted,10564,North Park University,My Options List,S2
0030V00003fHgJAQA0,Best-Fit College,12846,Elgin Community College,My Options List,S2
0030V00003fHgJAQA0,Application Submitted,13933,Governors State University,My Options List,S2
0030V00003fHgJAQA0,Best-Fit College,10818,Greenville College,My Options List,S2
0030V00003fHgJAQA0,Application Submitted,12854,Harper College,My Options List,S2
0030V00003fHgJAQA0,Best-Fit College,12797,Kankakee Community College,My Options List,S2
0030V00003fHgJAQA0,Best-Fit College,12798,Lake Land College,My Options List,S2
0030V00003fHgJAQA0,Application Submitted,12801,McHenry County College,My Options List,S2
0030V00003fHgJAQA0,Best-Fit College,10572,Millikin University,My Options List,S2
0030V00003fHgJAQA0,Application Submitted,10000,Northeastern Illinois University,My Options List,S2
0030V00003fHgJAQA0,Application Submitted,44992,Robert Morris University - Peoria,My Options List,S2
0030V00003fHgJAQA0,Application Submitted,12791,City Colleges of Chicago Harry S Truman College,Prefill College Application Status Form,S2
0030V00003fHgJAQA0,Application Submitted,10723,National Louis University,Prefill College Application Status Form,S2
0030V00003fHpFkQAK,Best-Fit College,10956,Bradley University,Prefill Best&#45;Fit College Form,S2
0030V00003fHpFkQAK,Best-Fit College,12854,Harper College,Prefill Best&#45;Fit College Form,S2
0030V00003fHpFkQAK,Application in Progress,12812,Kaskaskia College,Prefill Best&#45;Fit College Form,S2
0030V00003fHpFkQAK,Application Submitted,10382,University of Illinois at Chicago,Prefill Best&#45;Fit College Form,S2
0030V00003fHpFkQAK,Best-Fit College,10527,University of Illinois at Urbana-Champaign,Prefill Best&#45;Fit College Form,S2
0030V00003fHpFkQAK,Best-Fit College,12845,City Colleges of Chicago Kennedy-King College,Prefill Best&#45;Fit College Form,S2
0030V00003fHpFkQAK,Accepted,12792,City Colleges of Chicago Richard J. Daley College,Prefill Best&#45;Fit College Form,S2
0030V00003fHpFkQAK,Best-Fit College,12791,City Colleges of Chicago Harry S Truman College,Prefill Best&#45;Fit College Form,S2
0030V00003fHpFkQAK,Best-Fit College,12291,University of Wisconsin-Platteville,Prefill Best&#45;Fit College Form,S2
0030V00003fHpFkQAK,Accepted,10814,Dominican University,Prefill College Application Status Form,S2
0030V00003fHpFkQAK,Accepted,12819,Triton College,Prefill College Application Status Form,S2
0030V00003fHpFkQAK,Accepted,10863,Illinois State University,Prefill College Application Status Form,S2
0030V00003fHpFkQAK,Application Submitted,11960,Lincoln College of Technology,Prefill College Application Status Form,S2
0030V00003gzm78QAA,Best-Fit College,12540,"American Academy of Dramatic Arts, Los Angeles Campus",My Options List,S2
0030V00003gzm78QAA,Best-Fit College,12430,American River College,My Options List,S2
0030V00003gzm78QAA,Best-Fit College,11762,California State University-Sacramento,My Options List,S2
0030V00003gzm78QAA,Best-Fit College,11763,California State University-San Bernardino,My Options List,S2
0030V00003gzm78QAA,Best-Fit College,12544,City College of San Francisco,My Options List,S2
0030V00003gzm78QAA,Best-Fit College,12805,Springfield College in Illinois,My Options List,S2
0030V00003gzm78QAA,Best-Fit College,12809,Illinois Eastern Community Colleges Frontier Community College,My Options List,S2
0030V00003gzm78QAA,Best-Fit College,12795,Illinois Eastern Community Colleges Olney Central College,My Options List,S2
0030V00003gzm78QAA,Best-Fit College,12325,Los Angeles ORT College main campus,My Options List,S2
0030V00003gzm78QAA,Best-Fit College,12552,Los Angeles Pierce College,My Options List,S2
0030V00003gzm78QAA,Best-Fit College,12509,Los Angeles Valley College,My Options List,S2
0030V00003gzm78QAA,Best-Fit College,12454,San Diego Miramar College,My Options List,S2
0030V00003gzm78QAA,Best-Fit College,13981,San Diego State University-Imperial Valley Campus,My Options List,S2
0030V00003gzm78QAA,Best-Fit College,19649,University of Massachusetts-Central Office,My Options List,S2
0030V00003gzm78QAA,Best-Fit College,12612,West Hills College Coalinga,My Options List,S2
0030V00003gzm78QAA,Best-Fit College,12791,City Colleges of Chicago Harry S Truman College,Prefill College Application Status Form,S2
0030V00003gzm78QAA,Application Submitted,12817,Oakton Community College,Prefill College Application Status Form,S2
0030V00003gzm78QAA,Application Submitted,10382,University of Illinois at Chicago,Prefill College Application Status Form,S2
0030V00003gzm78QAA,Application Submitted,10000,Northeastern Illinois University,Prefill College Application Status Form,S2
0030V00003gzm78QAA,Application Submitted,11451,Lewis University,Prefill College Application Status Form,S2
0030V00003gzm78QAA,Application Submitted,10257,Barry University,Prefill College Application Status Form,S2
0030V00003gzm78QAA,Application Submitted,10148,Mississippi State University,Prefill College Application Status Form,S2
0030V00003gzm78QAA,Application Submitted,10840,University of Dayton,Prefill College Application Status Form,S2
0030V00003gzm78QAA,Application Submitted,12322,Wright State University-Main Campus,Prefill College Application Status Form,S2
0030V00003gzm78QAA,Application Submitted,10090,Xavier University,Prefill College Application Status Form,S2
0030V00003gzm78QAA,Application Submitted,15415,Arrupe College,Prefill College Application Status Form,S2
0030V00003gzm78QAA,Application Submitted,12827,City Colleges of Chicago Wilbur Wright College,Prefill College Application Status Form,S2
0030V00003h17anQAA,Best-Fit College,10756,Boston University,My Options List,S2
0030V00003h17anQAA,Best-Fit College,10633,California Institute of Technology,My Options List,S2
0030V00003h17anQAA,Application Submitted,10774,DePaul University,My Options List,S2
0030V00003h17anQAA,Application Submitted,10848,Illinois Institute of Technology,My Options List,S2
0030V00003h17anQAA,Best-Fit College,13944,Lincoln College (2-Year),My Options List,S2
0030V00003h17anQAA,Application Submitted,11965,Loyola University Chicago,My Options List,S2
0030V00003h17anQAA,Application Submitted,11150,Northeastern University,My Options List,S2
0030V00003h17anQAA,Best-Fit College,10799,Northern Illinois University,My Options List,S2
0030V00003h17anQAA,Best-Fit College,10384,Northwestern University,My Options List,S2
0030V00003h17anQAA,Best-Fit College,12079,Robert Morris University Illinois,My Options List,S2
0030V00003h17anQAA,Best-Fit College,11217,Roosevelt University,My Options List,S2
0030V00003h17anQAA,Best-Fit College,10954,Southern Illinois University Edwardsville,My Options List,S2
0030V00003h17anQAA,Application in Progress,11341,University of Chicago,My Options List,S2
0030V00003h17anQAA,Application in Progress,11012,VanderCook College of Music,Prefill College Application Status Form,S2
0030V00003h17anQAA,Application Submitted,10382,University of Illinois at Chicago,Prefill College Application Status Form,S2
0030V00003h17anQAA,Best-Fit College,10987,Illinois College,Prefill College Application Status Form,S2
0030V00003h17anQAA,Accepted,10814,Dominican University,Prefill College Application Status Form,S2
0030V00003h17anQAA,Application Submitted,10501,Columbia College Chicago,Prefill College Application Status Form,S2
0030V00003h17anQAA,Application Submitted,10564,North Park University,Prefill College Application Status Form,S2
0030V00003h1GbuQAE,Application Submitted,10173,Chicago State University,My Options List,S2
0030V00003h1GbuQAE,Application Submitted,12791,City Colleges of Chicago Harry S Truman College,My Options List,S2
0030V00003h1GbuQAE,Application Submitted,12824,City Colleges of Chicago Malcolm X College,My Options List,S2
0030V00003h1GbuQAE,Application Submitted,12792,City Colleges of Chicago Richard J. Daley College,My Options List,S2
0030V00003h1GbuQAE,Accepted,12827,City Colleges of Chicago Wilbur Wright College,My Options List,S2
0030V00003h1GbuQAE,Best-Fit College,10501,Columbia College Chicago,My Options List,S2
0030V00003h1GbuQAE,Application Submitted,10774,DePaul University,My Options List,S2
0030V00003h1GbuQAE,Best-Fit College,11965,Loyola University Chicago,My Options List,S2
0030V00003h1GbuQAE,Application Submitted,10564,North Park University,My Options List,S2
0030V00003h1GbuQAE,Accepted,10000,Northeastern Illinois University,My Options List,S2
0030V00003h1GbuQAE,Best-Fit College,10384,Northwestern University,My Options List,S2
0030V00003h1GbuQAE,Best-Fit College,12079,Robert Morris University Illinois,My Options List,S2
0030V00003h1GbuQAE,Application Submitted,11217,Roosevelt University,My Options List,S2
0030V00003h1GbuQAE,Best-Fit College,10320,Saint Xavier University,My Options List,S2
0030V00003h1GbuQAE,Application Submitted,11341,University of Chicago,My Options List,S2
0030V00003h1GbuQAE,Application Submitted,10382,University of Illinois at Chicago,My Options List,S2
0030V00003h1GbuQAE,Application Submitted,10956,Bradley University,Prefill College Application Status Form,S2
0030V00003h1GbuQAE,Application Submitted,10814,Dominican University,Prefill College Application Status Form,S2
0030V00003h1GbuQAE,Application Submitted,10863,Illinois State University,Prefill College Application Status Form,S2
0030V00003h1GbuQAE,Application Submitted,11503,Knox College,Prefill College Application Status Form,S2
0030V00003h1GbuQAE,Application Submitted,11276,Concordia University (IL),Prefill College Application Status Form,S2
0030V00003h24VHQAY,Best-Fit College,10384,Northwestern University,My Options List,S2
0030V00003h24VHQAY,Application Submitted,11396,Augustana College (IL),My Options List,S2
0030V00003h24VHQAY,Best-Fit College,11185,Aurora University,My Options List,S2
0030V00003h24VHQAY,Best-Fit College,10173,Chicago State University,My Options List,S2
0030V00003h24VHQAY,Best-Fit College,12824,City Colleges of Chicago Malcolm X College,My Options List,S2
0030V00003h24VHQAY,Application Submitted,12827,City Colleges of Chicago Wilbur Wright College,My Options List,S2
0030V00003h24VHQAY,Application Submitted,11276,Concordia University (IL),My Options List,S2
0030V00003h24VHQAY,Application Submitted,10766,Concordia University - Irvine,My Options List,S2
0030V00003h24VHQAY,Accepted,10814,Dominican University,Prefill College Application Status Form,S2
0030V00003h24VHQAY,Application Submitted,10863,Illinois State University,My Options List,S2
0030V00003h24VHQAY,Best-Fit College,10000,Northeastern Illinois University,My Options List,S2
0030V00003h24VHQAY,Best-Fit College,11217,Roosevelt University,My Options List,S2
0030V00003h24VHQAY,Best-Fit College,10382,University of Illinois at Chicago,My Options List,S2
0030V00003h24VHQAY,Accepted,10905,Rockford College,Prefill College Application Status Form,S2
0030V00003h24VHQAY,Application Submitted,10017,Benedictine University,Prefill College Application Status Form,S2
0030V00003h24VHQAY,Application Submitted,10774,DePaul University,Prefill College Application Status Form,S2
0030V00003h24VHQAY,Best-Fit College,11341,University of Chicago,Prefill College Application Status Form,S2
0030V00003h24VHQAY,Application Submitted,11965,Loyola University Chicago,Prefill College Application Status Form,S2
0030V00003h24VgQAI,Application Submitted,10774,DePaul University,Prefill Best&#45;Fit College Form,S2
0030V00003h24VgQAI,Declined,10863,Illinois State University,Prefill Best&#45;Fit College Form,S2
0030V00003h24VgQAI,Best-Fit College,10384,Northwestern University,My Options List,S2
0030V00003h24VgQAI,Best-Fit College,10527,University of Illinois at Urbana-Champaign,Prefill College Application Status Form,S2
0030V00003h24VgQAI,Application Submitted,11965,Loyola University Chicago,Prefill College Application Status Form,S2
0030V00003h24VgQAI,Application Submitted,10501,Columbia College Chicago,Prefill Best&#45;Fit College Form,S2
0030V00003h24VgQAI,Best-Fit College,14344,Lincoln College (4-Year),Prefill College Application Status Form,S2
0030V00003h24VgQAI,Accepted,12824,City Colleges of Chicago Malcolm X College,Prefill College Application Status Form,S2
0030V00003h24VgQAI,Application Submitted,12079,Robert Morris University Illinois,Prefill College Application Status Form,S2
0030V00003h24VgQAI,Best-Fit College,10799,Northern Illinois University,Prefill College Application Status Form,S2
0030V00003h24VgQAI,Best-Fit College,14151,John Hancock University,Prefill College Application Status Form,S2
0030V00003h24VgQAI,Declined,10000,Northeastern Illinois University,Prefill College Application Status Form,S2
0030V00003h24VgQAI,Best-Fit College,12791,City Colleges of Chicago Harry S Truman College,Prefill College Application Status Form,S2
0030V00003h24VgQAI,Application Submitted,15415,Arrupe College,Prefill College Application Status Form,S2
0030V00003h24VgQAI,Accepted,10723,National Louis University,Prefill College Application Status Form,S2
0030V00003h24YVQAY,Application Submitted,12824,City Colleges of Chicago Malcolm X College,,S2
0030V00003h24YVQAY,Accepted,10564,North Park University,,S2
0030V00003h24YVQAY,Application in Progress,10382,University of Illinois at Chicago,,S2
0030V00003h24YVQAY,Application Submitted,11965,Loyola University Chicago,,S2
0030V00003h24YVQAY,Application in Progress,10527,University of Illinois at Urbana-Champaign,,S2
0030V00003h24YVQAY,Application Submitted,10774,DePaul University,,S2
0030V00003h24YVQAY,Application Submitted,10384,Northwestern University,,S2
0030V00003h24YVQAY,Application in Progress,10848,Illinois Institute of Technology,,S2
0030V00003h24YVQAY,Application Submitted,10987,Illinois College,Prefill College Application Status Form,S2
0030V00003h24YVQAY,Application in Progress,12827,City Colleges of Chicago Wilbur Wright College,Prefill College Application Status Form,S2
0030V00003h24YVQAY,Application Submitted,10814,Dominican University,Prefill College Application Status Form,S2
0030V00003h24YVQAY,Application in Progress,10723,National Louis University,Prefill College Application Status Form,S2
0030V00003h28L6QAI,Best-Fit College,10956,Bradley University,My Options List,S2
0030V00003h28L6QAI,Best-Fit College,12484,CBD College,My Options List,S2
0030V00003h28L6QAI,Best-Fit College,12554,College of Marin,My Options List,S2
0030V00003h28L6QAI,Application Submitted,10774,DePaul University,My Options List,S2
0030V00003h28L6QAI,Best-Fit College,10814,Dominican University,My Options List,S2
0030V00003h28L6QAI,Best-Fit College,10987,Illinois College,My Options List,S2
0030V00003h28L6QAI,Best-Fit College,11503,Knox College,My Options List,S2
0030V00003h28L6QAI,Best-Fit College,11451,Lewis University,My Options List,S2
0030V00003h28L6QAI,Application Submitted,11205,North Central College,My Options List,S2
0030V00003h28L6QAI,Best-Fit College,10235,Stanford University,My Options List,S2
0030V00003h28L6QAI,Best-Fit College,13327,Technical Career Institutes,My Options List,S2
0030V00003h28L6QAI,Best-Fit College,12165,University of California-Santa Barbara,My Options List,S2
0030V00003h28L6QAI,Best-Fit College,10382,University of Illinois at Chicago,My Options List,S2
0030V00003h28L6QAI,Best-Fit College,10906,University of Southern California,My Options List,S2
0030V00003h28L6QAI,Best-Fit College,11101,Westmont College,My Options List,S2
0030V00003h28L6QAI,Best-Fit College,10863,Illinois State University,My Options List,S2
0030V00003h28L6QAI,Best-Fit College,13966,Principia College,My Options List,S2
0030V00003h28L6QAI,Best-Fit College,12160,University of California-Davis,My Options List,S2
0030V00003h28L6QAI,Best-Fit College,10799,Northern Illinois University,Prefill College Application Status Form,S2
0030V00003h28L6QAI,Declined,10527,University of Illinois at Urbana-Champaign,Prefill College Application Status Form,S2
0030V00003h28L6QAI,Application Submitted,10000,Northeastern Illinois University,Prefill College Application Status Form,S2
0030V00003h28L6QAI,Accepted,12824,City Colleges of Chicago Malcolm X College,Prefill College Application Status Form,S2
0030V00003h28L6QAI,Accepted,12827,City Colleges of Chicago Wilbur Wright College,Prefill College Application Status Form,S2
0030V00003k4liMQAQ,Best-Fit College,12791,City Colleges of Chicago Harry S Truman College,Prefill Best&#45;Fit College Form,S2
0030V00003k4liMQAQ,Accepted,12827,City Colleges of Chicago Wilbur Wright College,Prefill College Application Status Form,S2
0030V00003k4liMQAQ,Application Submitted,10501,Columbia College Chicago,Prefill Best&#45;Fit College Form,S2
0030V00003k4liMQAQ,Application Submitted,12819,Triton College,Prefill College Application Status Form,S2
0030V00003k4liMQAQ,Application Submitted,10382,University of Illinois at Chicago,Prefill Best&#45;Fit College Form,S2
0030V00003k4liMQAQ,Application Submitted,11341,University of Chicago,Prefill College Application Status Form,S2
0030V00003k4liMQAQ,Application Submitted,10774,DePaul University,Prefill College Application Status Form,S2
0030V00003k4liMQAQ,Application Submitted,10861,Eastern Illinois University,Prefill College Application Status Form,S2
0030V00003k4liMQAQ,Application Submitted,10799,Northern Illinois University,Prefill College Application Status Form,S2
